DROP DATABASE bdd;
CREATE DATABASE bdd;

USE bdd;

DROP TABLE IF EXISTS AVION;
CREATE TABLE AVION(	
    immatricule INTEGER PRIMARY KEY,
	nom VARCHAR(10),
	constructeur VARCHAR(30),
    capacite INTEGER CHECK (capacite > 0),
    nombre_reacteurs INTEGER CHECK (nombre_reacteurs > 0),
    largeur INTEGER
);

DROP TABLE IF EXISTS VOL;
CREATE TABLE VOL(
    id INTEGER PRIMARY KEY,
    designation VARCHAR(100),
    ville_origine CHAR(10) REFERENCES VILLE(code_postal),
    ville_arrivee CHAR(10) REFERENCES VILLE(code_postal),
    avion INTEGER REFERENCES AVION(immatricule),
    date_depart DATE,
    date_arrivee DATE,
    duree INTEGER
);

DROP TABLE IF EXISTS VILLE;
CREATE TABLE VILLE(
    nom VARCHAR(100),
    code_postal CHAR(10) PRIMARY KEY
);

DROP TABLE IF EXISTS PASSAGER;
CREATE TABLE PASSAGER(
    id INTEGER PRIMARY KEY,
    nom VARCHAR(80),
    prenom VARCHAR(80),
    poids INTEGER,
    vol INTEGER REFERENCES VOL(id)
);


INSERT INTO VILLE (nom,code_postal) VALUES ('Hameln','965220');
INSERT INTO VILLE (nom,code_postal) VALUES ('Klosterneuburg','61-220');
INSERT INTO VILLE (nom,code_postal) VALUES ('Sint-Kwintens-Lennik','21617');
INSERT INTO VILLE (nom,code_postal) VALUES ('Durg','00-484');
INSERT INTO VILLE (nom,code_postal) VALUES ('Mérignac','70-068');
INSERT INTO VILLE (nom,code_postal) VALUES ('Chester','12971');
INSERT INTO VILLE (nom,code_postal) VALUES ('Sanzeno','31976');
INSERT INTO VILLE (nom,code_postal) VALUES ('Verrayes','96298');
INSERT INTO VILLE (nom,code_postal) VALUES ('Konin','7069XL');
INSERT INTO VILLE (nom,code_postal) VALUES ('LamontzŽe','4847');
INSERT INTO VILLE (nom,code_postal) VALUES ('Sant''Angelo in Pontano','21413');
INSERT INTO VILLE (nom,code_postal) VALUES ('Sivry-Rance','577034');
INSERT INTO VILLE (nom,code_postal) VALUES ('Forgaria nel Friuli','L3M 4E0');
INSERT INTO VILLE (nom,code_postal) VALUES ('Caprino Bergamasco','4435');
INSERT INTO VILLE (nom,code_postal) VALUES ('Conca Casale','1092');
INSERT INTO VILLE (nom,code_postal) VALUES ('Chalon-sur-Saône','48696');
INSERT INTO VILLE (nom,code_postal) VALUES ('Jambes','E3S 6ES');
INSERT INTO VILLE (nom,code_postal) VALUES ('Donk','709518');
INSERT INTO VILLE (nom,code_postal) VALUES ('Leut','M2A 3Z0');
INSERT INTO VILLE (nom,code_postal) VALUES ('Åkersberga','44-477');
INSERT INTO VILLE (nom,code_postal) VALUES ('Grumo Appula','465748');
INSERT INTO VILLE (nom,code_postal) VALUES ('Gaspo','5159');
INSERT INTO VILLE (nom,code_postal) VALUES ('Les Bons Villers','19608');
INSERT INTO VILLE (nom,code_postal) VALUES ('Delft','7558FO');
INSERT INTO VILLE (nom,code_postal) VALUES ('Calgary','46897');
INSERT INTO VILLE (nom,code_postal) VALUES ('Erpion','87810');
INSERT INTO VILLE (nom,code_postal) VALUES ('Queanbeyan','224053');
INSERT INTO VILLE (nom,code_postal) VALUES ('Ekeren','77557');
INSERT INTO VILLE (nom,code_postal) VALUES ('Valparaíso','39-765');
INSERT INTO VILLE (nom,code_postal) VALUES ('Uppingham. Cottesmore','931173');
INSERT INTO VILLE (nom,code_postal) VALUES ('Langen','59291');
INSERT INTO VILLE (nom,code_postal) VALUES ('Madison','67820');
INSERT INTO VILLE (nom,code_postal) VALUES ('Río Bueno','B2T 6X0');
INSERT INTO VILLE (nom,code_postal) VALUES ('Saint-Vincent','14021');
INSERT INTO VILLE (nom,code_postal) VALUES ('Nagpur','33914');
INSERT INTO VILLE (nom,code_postal) VALUES ('Aylmer','79049');
INSERT INTO VILLE (nom,code_postal) VALUES ('Loksbergen','379561');
INSERT INTO VILLE (nom,code_postal) VALUES ('Helena','6198');
INSERT INTO VILLE (nom,code_postal) VALUES ('Leganés','81048');
INSERT INTO VILLE (nom,code_postal) VALUES ('Fossato Serralta','13979');
INSERT INTO VILLE (nom,code_postal) VALUES ('Hennigsdorf','2840');
INSERT INTO VILLE (nom,code_postal) VALUES ('Jalgaon','Z6O 1ZO');
INSERT INTO VILLE (nom,code_postal) VALUES ('Sambhal','4589');
INSERT INTO VILLE (nom,code_postal) VALUES ('Folkestone','9763');
INSERT INTO VILLE (nom,code_postal) VALUES ('Paignton','9215');
INSERT INTO VILLE (nom,code_postal) VALUES ('Lanklaar','5157');
INSERT INTO VILLE (nom,code_postal) VALUES ('Scorrano','1377');
INSERT INTO VILLE (nom,code_postal) VALUES ('Pont-ˆ-Celles','75441');
INSERT INTO VILLE (nom,code_postal) VALUES ('Haverfordwest','842449');
INSERT INTO VILLE (nom,code_postal) VALUES ('Vetlanda','91632-674');
INSERT INTO VILLE (nom,code_postal) VALUES ('Rutland','00715');
INSERT INTO VILLE (nom,code_postal) VALUES ('Castel San Niccolò','91983');
INSERT INTO VILLE (nom,code_postal) VALUES ('Chicoutimi','46353');
INSERT INTO VILLE (nom,code_postal) VALUES ('Liedekerke','8660');
INSERT INTO VILLE (nom,code_postal) VALUES ('Pointe-du-Lac','40414');
INSERT INTO VILLE (nom,code_postal) VALUES ('Posina','56596');
INSERT INTO VILLE (nom,code_postal) VALUES ('Halberstadt','13383');
INSERT INTO VILLE (nom,code_postal) VALUES ('Rezzoaglio','55447');
INSERT INTO VILLE (nom,code_postal) VALUES ('Arvier','52443');
INSERT INTO VILLE (nom,code_postal) VALUES ('Barra do Corda','26339');
INSERT INTO VILLE (nom,code_postal) VALUES ('Leugnies','606407');
INSERT INTO VILLE (nom,code_postal) VALUES ('Fort Worth','XI4 8HJ');
INSERT INTO VILLE (nom,code_postal) VALUES ('West Valley City','70117');
INSERT INTO VILLE (nom,code_postal) VALUES ('Izel','73-361');
INSERT INTO VILLE (nom,code_postal) VALUES ('Dornoch','3469');
INSERT INTO VILLE (nom,code_postal) VALUES ('Leval-Chaudeville','15901');
INSERT INTO VILLE (nom,code_postal) VALUES ('Mandela','965654');
INSERT INTO VILLE (nom,code_postal) VALUES ('Ponte nelle Alpi','2934');
INSERT INTO VILLE (nom,code_postal) VALUES ('Lakewood','70474-443');
INSERT INTO VILLE (nom,code_postal) VALUES ('Sant''Arsenio','04426');
INSERT INTO VILLE (nom,code_postal) VALUES ('Igboho','90633');
INSERT INTO VILLE (nom,code_postal) VALUES ('Enines','126240');
INSERT INTO VILLE (nom,code_postal) VALUES ('Sint-Stevens-Woluwe','7947');
INSERT INTO VILLE (nom,code_postal) VALUES ('Soissons','771094');
INSERT INTO VILLE (nom,code_postal) VALUES ('Kampenhout','29095-811');
INSERT INTO VILLE (nom,code_postal) VALUES ('Louisville','70772-246');
INSERT INTO VILLE (nom,code_postal) VALUES ('Arviat','463530');
INSERT INTO VILLE (nom,code_postal) VALUES ('Moustier-sur-Sambre','0059SJ');
INSERT INTO VILLE (nom,code_postal) VALUES ('Krishnanagar','L4J 0W3');
INSERT INTO VILLE (nom,code_postal) VALUES ('Jennersdorf','20218');
INSERT INTO VILLE (nom,code_postal) VALUES ('Magdeburg','3578');
INSERT INTO VILLE (nom,code_postal) VALUES ('Hines Creek','71823');
INSERT INTO VILLE (nom,code_postal) VALUES ('Sale','03541');
INSERT INTO VILLE (nom,code_postal) VALUES ('Leke','34093');
INSERT INTO VILLE (nom,code_postal) VALUES ('Sossano','909103');
INSERT INTO VILLE (nom,code_postal) VALUES ('Raj Nandgaon','0901');
INSERT INTO VILLE (nom,code_postal) VALUES ('Lutterworth','S2W 1M8');
INSERT INTO VILLE (nom,code_postal) VALUES ('Lozzo Atestino','51412');
INSERT INTO VILLE (nom,code_postal) VALUES ('Beaumont','6347');
INSERT INTO VILLE (nom,code_postal) VALUES ('Lüneburg','71507');
INSERT INTO VILLE (nom,code_postal) VALUES ('Tiltil','9351');
INSERT INTO VILLE (nom,code_postal) VALUES ('Palagano','9958');
INSERT INTO VILLE (nom,code_postal) VALUES ('San Piero Patti','59641');
INSERT INTO VILLE (nom,code_postal) VALUES ('Philadelphia','P0C 6A9');
INSERT INTO VILLE (nom,code_postal) VALUES ('Lac Ste. Anne','40515');
INSERT INTO VILLE (nom,code_postal) VALUES ('Hearst','73430');
INSERT INTO VILLE (nom,code_postal) VALUES ('Leeds','07520');
INSERT INTO VILLE (nom,code_postal) VALUES ('Santa Croce sull''Arno','7460');
INSERT INTO VILLE (nom,code_postal) VALUES ('Orroli','6184');
INSERT INTO VILLE (nom,code_postal) VALUES ('Rosières','2725LL');
INSERT INTO AVION (immatriculation,nom,constructeur,capacite,nombre_reacteurs,largeur) VALUES (1,'nibh.','Dassault',244,6,139);
INSERT INTO AVION (immatriculation,nom,constructeur,capacite,nombre_reacteurs,largeur) VALUES (2,'elit','Boeing',378,5,145);
INSERT INTO AVION (immatriculation,nom,constructeur,capacite,nombre_reacteurs,largeur) VALUES (3,'tempus','Airbus',376,5,99);
INSERT INTO AVION (immatriculation,nom,constructeur,capacite,nombre_reacteurs,largeur) VALUES (4,'varius','Airbus',286,4,86);
INSERT INTO AVION (immatriculation,nom,constructeur,capacite,nombre_reacteurs,largeur) VALUES (5,'Nullam','Dassault',223,4,115);
INSERT INTO AVION (immatriculation,nom,constructeur,capacite,nombre_reacteurs,largeur) VALUES (6,'mi','Dassault',377,8,125);
INSERT INTO AVION (immatriculation,nom,constructeur,capacite,nombre_reacteurs,largeur) VALUES (7,'placerat','Dassault',397,7,147);
INSERT INTO AVION (immatriculation,nom,constructeur,capacite,nombre_reacteurs,largeur) VALUES (8,'dolor','Airbus',223,9,88);
INSERT INTO AVION (immatriculation,nom,constructeur,capacite,nombre_reacteurs,largeur) VALUES (9,'ullamcorper,','Boeing',268,9,129);
INSERT INTO AVION (immatriculation,nom,constructeur,capacite,nombre_reacteurs,largeur) VALUES (10,'cursus','Airbus',278,8,114);
INSERT INTO AVION (immatriculation,nom,constructeur,capacite,nombre_reacteurs,largeur) VALUES (11,'elit,','Dassault',391,6,120);
INSERT INTO AVION (immatriculation,nom,constructeur,capacite,nombre_reacteurs,largeur) VALUES (12,'dolor','Dassault',224,9,125);
INSERT INTO AVION (immatriculation,nom,constructeur,capacite,nombre_reacteurs,largeur) VALUES (13,'arcu','Dassault',379,6,83);
INSERT INTO AVION (immatriculation,nom,constructeur,capacite,nombre_reacteurs,largeur) VALUES (14,'Aliquam','Airbus',392,8,134);
INSERT INTO AVION (immatriculation,nom,constructeur,capacite,nombre_reacteurs,largeur) VALUES (15,'posuere,','Boeing',341,9,125);
INSERT INTO AVION (immatriculation,nom,constructeur,capacite,nombre_reacteurs,largeur) VALUES (16,'Mauris','Airbus',392,5,105);
INSERT INTO AVION (immatriculation,nom,constructeur,capacite,nombre_reacteurs,largeur) VALUES (17,'sociis','Dassault',369,8,89);
INSERT INTO AVION (immatriculation,nom,constructeur,capacite,nombre_reacteurs,largeur) VALUES (18,'ad','Boeing',254,8,128);
INSERT INTO AVION (immatriculation,nom,constructeur,capacite,nombre_reacteurs,largeur) VALUES (19,'condimentum','Dassault',225,8,121);
INSERT INTO AVION (immatriculation,nom,constructeur,capacite,nombre_reacteurs,largeur) VALUES (20,'ullamcorper.','Dassault',204,6,134);
INSERT INTO AVION (immatriculation,nom,constructeur,capacite,nombre_reacteurs,largeur) VALUES (21,'enim','Dassault',318,9,108);
INSERT INTO AVION (immatriculation,nom,constructeur,capacite,nombre_reacteurs,largeur) VALUES (22,'Vivamus','Airbus',209,5,142);
INSERT INTO AVION (immatriculation,nom,constructeur,capacite,nombre_reacteurs,largeur) VALUES (23,'nulla.','Dassault',280,5,126);
INSERT INTO AVION (immatriculation,nom,constructeur,capacite,nombre_reacteurs,largeur) VALUES (24,'molestie','Dassault',216,5,118);
INSERT INTO AVION (immatriculation,nom,constructeur,capacite,nombre_reacteurs,largeur) VALUES (25,'faucibus','Boeing',377,5,139);
INSERT INTO AVION (immatriculation,nom,constructeur,capacite,nombre_reacteurs,largeur) VALUES (26,'eu','Airbus',394,4,124);
INSERT INTO AVION (immatriculation,nom,constructeur,capacite,nombre_reacteurs,largeur) VALUES (27,'mollis','Dassault',316,4,119);
INSERT INTO AVION (immatriculation,nom,constructeur,capacite,nombre_reacteurs,largeur) VALUES (28,'cursus','Boeing',376,10,81);
INSERT INTO AVION (immatriculation,nom,constructeur,capacite,nombre_reacteurs,largeur) VALUES (29,'lectus','Dassault',333,4,100);
INSERT INTO AVION (immatriculation,nom,constructeur,capacite,nombre_reacteurs,largeur) VALUES (30,'aliquet,','Airbus',251,7,133);
INSERT INTO AVION (immatriculation,nom,constructeur,capacite,nombre_reacteurs,largeur) VALUES (31,'hendrerit','Dassault',247,4,122);
INSERT INTO AVION (immatriculation,nom,constructeur,capacite,nombre_reacteurs,largeur) VALUES (32,'purus,','Airbus',255,8,122);
INSERT INTO AVION (immatriculation,nom,constructeur,capacite,nombre_reacteurs,largeur) VALUES (33,'ultrices','Boeing',228,10,123);
INSERT INTO AVION (immatriculation,nom,constructeur,capacite,nombre_reacteurs,largeur) VALUES (34,'Phasellus','Dassault',292,4,95);
INSERT INTO AVION (immatriculation,nom,constructeur,capacite,nombre_reacteurs,largeur) VALUES (35,'magna','Airbus',290,10,136);
INSERT INTO AVION (immatriculation,nom,constructeur,capacite,nombre_reacteurs,largeur) VALUES (36,'semper','Boeing',209,7,124);
INSERT INTO AVION (immatriculation,nom,constructeur,capacite,nombre_reacteurs,largeur) VALUES (37,'turpis.','Dassault',326,4,148);
INSERT INTO AVION (immatriculation,nom,constructeur,capacite,nombre_reacteurs,largeur) VALUES (38,'vitae','Boeing',358,5,123);
INSERT INTO AVION (immatriculation,nom,constructeur,capacite,nombre_reacteurs,largeur) VALUES (39,'nec,','Airbus',224,9,87);
INSERT INTO AVION (immatriculation,nom,constructeur,capacite,nombre_reacteurs,largeur) VALUES (40,'nulla','Airbus',324,10,136);
INSERT INTO AVION (immatriculation,nom,constructeur,capacite,nombre_reacteurs,largeur) VALUES (41,'amet','Boeing',394,8,84);
INSERT INTO AVION (immatriculation,nom,constructeur,capacite,nombre_reacteurs,largeur) VALUES (42,'nunc.','Dassault',252,9,101);
INSERT INTO AVION (immatriculation,nom,constructeur,capacite,nombre_reacteurs,largeur) VALUES (43,'non','Airbus',367,8,105);
INSERT INTO AVION (immatriculation,nom,constructeur,capacite,nombre_reacteurs,largeur) VALUES (44,'vulputate','Dassault',397,10,102);
INSERT INTO AVION (immatriculation,nom,constructeur,capacite,nombre_reacteurs,largeur) VALUES (45,'ornare','Boeing',229,7,87);
INSERT INTO AVION (immatriculation,nom,constructeur,capacite,nombre_reacteurs,largeur) VALUES (46,'Sed','Airbus',362,6,128);
INSERT INTO AVION (immatriculation,nom,constructeur,capacite,nombre_reacteurs,largeur) VALUES (47,'elit,','Boeing',290,6,143);
INSERT INTO AVION (immatriculation,nom,constructeur,capacite,nombre_reacteurs,largeur) VALUES (48,'Curabitur','Dassault',282,4,85);
INSERT INTO AVION (immatriculation,nom,constructeur,capacite,nombre_reacteurs,largeur) VALUES (49,'rutrum','Airbus',379,8,123);
INSERT INTO AVION (immatriculation,nom,constructeur,capacite,nombre_reacteurs,largeur) VALUES (50,'lobortis','Boeing',318,8,140);
INSERT INTO AVION (immatriculation,nom,constructeur,capacite,nombre_reacteurs,largeur) VALUES (51,'enim,','Boeing',214,7,129);
INSERT INTO AVION (immatriculation,nom,constructeur,capacite,nombre_reacteurs,largeur) VALUES (52,'penatibus','Airbus',398,10,93);
INSERT INTO AVION (immatriculation,nom,constructeur,capacite,nombre_reacteurs,largeur) VALUES (53,'eleifend,','Dassault',347,5,149);
INSERT INTO AVION (immatriculation,nom,constructeur,capacite,nombre_reacteurs,largeur) VALUES (54,'metus','Airbus',359,7,91);
INSERT INTO AVION (immatriculation,nom,constructeur,capacite,nombre_reacteurs,largeur) VALUES (55,'eu','Boeing',284,8,113);
INSERT INTO AVION (immatriculation,nom,constructeur,capacite,nombre_reacteurs,largeur) VALUES (56,'arcu','Dassault',366,4,88);
INSERT INTO AVION (immatriculation,nom,constructeur,capacite,nombre_reacteurs,largeur) VALUES (57,'nec','Airbus',202,7,135);
INSERT INTO AVION (immatriculation,nom,constructeur,capacite,nombre_reacteurs,largeur) VALUES (58,'amet','Airbus',360,5,128);
INSERT INTO AVION (immatriculation,nom,constructeur,capacite,nombre_reacteurs,largeur) VALUES (59,'urna.','Dassault',334,9,90);
INSERT INTO AVION (immatriculation,nom,constructeur,capacite,nombre_reacteurs,largeur) VALUES (60,'orci,','Airbus',378,8,140);
INSERT INTO AVION (immatriculation,nom,constructeur,capacite,nombre_reacteurs,largeur) VALUES (61,'magna.','Airbus',286,9,144);
INSERT INTO AVION (immatriculation,nom,constructeur,capacite,nombre_reacteurs,largeur) VALUES (62,'malesuada','Boeing',309,6,89);
INSERT INTO AVION (immatriculation,nom,constructeur,capacite,nombre_reacteurs,largeur) VALUES (63,'nonummy.','Airbus',298,8,143);
INSERT INTO AVION (immatriculation,nom,constructeur,capacite,nombre_reacteurs,largeur) VALUES (64,'mollis','Dassault',381,5,145);
INSERT INTO AVION (immatriculation,nom,constructeur,capacite,nombre_reacteurs,largeur) VALUES (65,'Nullam','Airbus',366,6,132);
INSERT INTO AVION (immatriculation,nom,constructeur,capacite,nombre_reacteurs,largeur) VALUES (66,'lacus.','Airbus',226,7,103);
INSERT INTO AVION (immatriculation,nom,constructeur,capacite,nombre_reacteurs,largeur) VALUES (67,'lorem,','Boeing',203,5,143);
INSERT INTO AVION (immatriculation,nom,constructeur,capacite,nombre_reacteurs,largeur) VALUES (68,'augue','Boeing',208,8,91);
INSERT INTO AVION (immatriculation,nom,constructeur,capacite,nombre_reacteurs,largeur) VALUES (69,'dui.','Dassault',350,5,90);
INSERT INTO AVION (immatriculation,nom,constructeur,capacite,nombre_reacteurs,largeur) VALUES (70,'libero','Airbus',341,5,133);
INSERT INTO AVION (immatriculation,nom,constructeur,capacite,nombre_reacteurs,largeur) VALUES (71,'lorem','Boeing',338,9,145);
INSERT INTO AVION (immatriculation,nom,constructeur,capacite,nombre_reacteurs,largeur) VALUES (72,'In','Boeing',207,7,91);
INSERT INTO AVION (immatriculation,nom,constructeur,capacite,nombre_reacteurs,largeur) VALUES (73,'tellus','Dassault',263,8,85);
INSERT INTO AVION (immatriculation,nom,constructeur,capacite,nombre_reacteurs,largeur) VALUES (74,'ligula','Airbus',389,4,89);
INSERT INTO AVION (immatriculation,nom,constructeur,capacite,nombre_reacteurs,largeur) VALUES (75,'magna.','Dassault',384,8,99);
INSERT INTO AVION (immatriculation,nom,constructeur,capacite,nombre_reacteurs,largeur) VALUES (76,'elit.','Boeing',379,7,120);
INSERT INTO AVION (immatriculation,nom,constructeur,capacite,nombre_reacteurs,largeur) VALUES (77,'nulla','Airbus',391,10,120);
INSERT INTO AVION (immatriculation,nom,constructeur,capacite,nombre_reacteurs,largeur) VALUES (78,'dis','Dassault',348,8,106);
INSERT INTO AVION (immatriculation,nom,constructeur,capacite,nombre_reacteurs,largeur) VALUES (79,'Curabitur','Dassault',222,7,128);
INSERT INTO AVION (immatriculation,nom,constructeur,capacite,nombre_reacteurs,largeur) VALUES (80,'urna.','Airbus',243,4,147);
INSERT INTO AVION (immatriculation,nom,constructeur,capacite,nombre_reacteurs,largeur) VALUES (81,'cursus','Airbus',350,8,85);
INSERT INTO AVION (immatriculation,nom,constructeur,capacite,nombre_reacteurs,largeur) VALUES (82,'dolor','Boeing',225,9,148);
INSERT INTO AVION (immatriculation,nom,constructeur,capacite,nombre_reacteurs,largeur) VALUES (83,'gravida','Boeing',284,9,81);
INSERT INTO AVION (immatriculation,nom,constructeur,capacite,nombre_reacteurs,largeur) VALUES (84,'ante','Airbus',295,6,117);
INSERT INTO AVION (immatriculation,nom,constructeur,capacite,nombre_reacteurs,largeur) VALUES (85,'nec','Boeing',237,9,82);
INSERT INTO AVION (immatriculation,nom,constructeur,capacite,nombre_reacteurs,largeur) VALUES (86,'porttitor','Boeing',304,8,80);
INSERT INTO AVION (immatriculation,nom,constructeur,capacite,nombre_reacteurs,largeur) VALUES (87,'mattis','Airbus',294,8,108);
INSERT INTO AVION (immatriculation,nom,constructeur,capacite,nombre_reacteurs,largeur) VALUES (88,'Nullam','Airbus',269,10,96);
INSERT INTO AVION (immatriculation,nom,constructeur,capacite,nombre_reacteurs,largeur) VALUES (89,'pede','Airbus',286,7,92);
INSERT INTO AVION (immatriculation,nom,constructeur,capacite,nombre_reacteurs,largeur) VALUES (90,'Aenean','Dassault',393,4,148);
INSERT INTO AVION (immatriculation,nom,constructeur,capacite,nombre_reacteurs,largeur) VALUES (91,'sapien,','Dassault',280,9,113);
INSERT INTO AVION (immatriculation,nom,constructeur,capacite,nombre_reacteurs,largeur) VALUES (92,'nascetur','Boeing',267,7,123);
INSERT INTO AVION (immatriculation,nom,constructeur,capacite,nombre_reacteurs,largeur) VALUES (93,'Aenean','Boeing',283,5,88);
INSERT INTO AVION (immatriculation,nom,constructeur,capacite,nombre_reacteurs,largeur) VALUES (94,'lorem','Dassault',391,7,86);
INSERT INTO AVION (immatriculation,nom,constructeur,capacite,nombre_reacteurs,largeur) VALUES (95,'Praesent','Dassault',257,5,130);
INSERT INTO AVION (immatriculation,nom,constructeur,capacite,nombre_reacteurs,largeur) VALUES (96,'dui.','Dassault',329,10,124);
INSERT INTO AVION (immatriculation,nom,constructeur,capacite,nombre_reacteurs,largeur) VALUES (97,'tincidunt','Boeing',290,8,83);
INSERT INTO AVION (immatriculation,nom,constructeur,capacite,nombre_reacteurs,largeur) VALUES (98,'primis','Dassault',280,4,138);
INSERT INTO AVION (immatriculation,nom,constructeur,capacite,nombre_reacteurs,largeur) VALUES (99,'Nulla','Airbus',301,8,128);
INSERT INTO AVION (immatriculation,nom,constructeur,capacite,nombre_reacteurs,largeur) VALUES (100,'odio','Boeing',280,7,102);
INSERT INTO VOL (id,designation,ville_origine,ville_arrivee,avion,date_depart,duree) VALUES (1,'pede blandit congue. In scelerisque','709518','40515',82,STR_TO_DATE('04/10/2016', '%d/%m/%Y'),91);
INSERT INTO VOL (id,designation,ville_origine,ville_arrivee,avion,date_depart,duree) VALUES (2,'Suspendisse aliquet, sem ut cursus','965220','75441',63,STR_TO_DATE('08/04/2015', '%d/%m/%Y'),152);
INSERT INTO VOL (id,designation,ville_origine,ville_arrivee,avion,date_depart,duree) VALUES (3,'purus. Maecenas libero est, congue','39-765','909103',83,STR_TO_DATE('23/08/2015', '%d/%m/%Y'),106);
INSERT INTO VOL (id,designation,ville_origine,ville_arrivee,avion,date_depart,duree) VALUES (4,'blandit. Nam nulla magna, malesuada','39-765','75441',13,STR_TO_DATE('12/06/2016', '%d/%m/%Y'),71);
INSERT INTO VOL (id,designation,ville_origine,ville_arrivee,avion,date_depart,duree) VALUES (5,'massa. Suspendisse eleifend. Cras sed','709518','46353',42,STR_TO_DATE('03/01/2016', '%d/%m/%Y'),106);
INSERT INTO VOL (id,designation,ville_origine,ville_arrivee,avion,date_depart,duree) VALUES (6,'at arcu. Vestibulum ante ipsum','7069XL','40515',49,STR_TO_DATE('02/06/2015', '%d/%m/%Y'),61);
INSERT INTO VOL (id,designation,ville_origine,ville_arrivee,avion,date_depart,duree) VALUES (7,'adipiscing ligula. Aenean gravida nunc','21617','4589',46,STR_TO_DATE('18/09/2016', '%d/%m/%Y'),93);
INSERT INTO VOL (id,designation,ville_origine,ville_arrivee,avion,date_depart,duree) VALUES (8,'eget tincidunt dui augue eu','39-765','909103',78,STR_TO_DATE('05/08/2016', '%d/%m/%Y'),162);
INSERT INTO VOL (id,designation,ville_origine,ville_arrivee,avion,date_depart,duree) VALUES (9,'non arcu. Vivamus sit amet','21617','75441',39,STR_TO_DATE('04/03/2017', '%d/%m/%Y'),154);
INSERT INTO VOL (id,designation,ville_origine,ville_arrivee,avion,date_depart,duree) VALUES (10,'ligula. Nullam enim. Sed nulla','21617','40515',49,STR_TO_DATE('18/10/2016', '%d/%m/%Y'),68);
INSERT INTO VOL (id,designation,ville_origine,ville_arrivee,avion,date_depart,duree) VALUES (11,'non, luctus sit amet, faucibus','39-765','909103',66,STR_TO_DATE('17/01/2017', '%d/%m/%Y'),121);
INSERT INTO VOL (id,designation,ville_origine,ville_arrivee,avion,date_depart,duree) VALUES (12,'Maecenas iaculis aliquet diam. Sed','577034','40515',21,STR_TO_DATE('02/10/2015', '%d/%m/%Y'),81);
INSERT INTO VOL (id,designation,ville_origine,ville_arrivee,avion,date_depart,duree) VALUES (13,'ac libero nec ligula consectetuer','965220','75441',89,STR_TO_DATE('17/03/2017', '%d/%m/%Y'),119);
INSERT INTO VOL (id,designation,ville_origine,ville_arrivee,avion,date_depart,duree) VALUES (14,'ante, iaculis nec, eleifend non,','39-765','2725LL',26,STR_TO_DATE('26/03/2015', '%d/%m/%Y'),133);
INSERT INTO VOL (id,designation,ville_origine,ville_arrivee,avion,date_depart,duree) VALUES (15,'et ultrices posuere cubilia Curae;','709518','909103',58,STR_TO_DATE('01/05/2016', '%d/%m/%Y'),61);
INSERT INTO VOL (id,designation,ville_origine,ville_arrivee,avion,date_depart,duree) VALUES (16,'at fringilla purus mauris a','577034','46353',33,STR_TO_DATE('09/04/2015', '%d/%m/%Y'),86);
INSERT INTO VOL (id,designation,ville_origine,ville_arrivee,avion,date_depart,duree) VALUES (17,'faucibus orci luctus et ultrices','21617','75441',26,STR_TO_DATE('13/12/2015', '%d/%m/%Y'),124);
INSERT INTO VOL (id,designation,ville_origine,ville_arrivee,avion,date_depart,duree) VALUES (18,'Cras eu tellus eu augue','577034','91632-674',39,STR_TO_DATE('14/01/2017', '%d/%m/%Y'),168);
INSERT INTO VOL (id,designation,ville_origine,ville_arrivee,avion,date_depart,duree) VALUES (19,'ligula. Aenean gravida nunc sed','19608','91632-674',15,STR_TO_DATE('25/02/2017', '%d/%m/%Y'),102);
INSERT INTO VOL (id,designation,ville_origine,ville_arrivee,avion,date_depart,duree) VALUES (20,'lacus. Quisque purus sapien, gravida','21617','2725LL',65,STR_TO_DATE('18/08/2015', '%d/%m/%Y'),165);
INSERT INTO VOL (id,designation,ville_origine,ville_arrivee,avion,date_depart,duree) VALUES (21,'consequat auctor, nunc nulla vulputate','39-765','40515',54,STR_TO_DATE('04/01/2016', '%d/%m/%Y'),62);
INSERT INTO VOL (id,designation,ville_origine,ville_arrivee,avion,date_depart,duree) VALUES (22,'gravida non, sollicitudin a, malesuada','39-765','2725LL',73,STR_TO_DATE('14/09/2015', '%d/%m/%Y'),126);
INSERT INTO VOL (id,designation,ville_origine,ville_arrivee,avion,date_depart,duree) VALUES (23,'pharetra. Quisque ac libero nec','577034','2725LL',67,STR_TO_DATE('08/12/2016', '%d/%m/%Y'),198);
INSERT INTO VOL (id,designation,ville_origine,ville_arrivee,avion,date_depart,duree) VALUES (24,'a, enim. Suspendisse aliquet, sem','7069XL','4589',78,STR_TO_DATE('25/02/2016', '%d/%m/%Y'),190);
INSERT INTO VOL (id,designation,ville_origine,ville_arrivee,avion,date_depart,duree) VALUES (25,'risus. Donec egestas. Duis ac','709518','2725LL',13,STR_TO_DATE('01/03/2017', '%d/%m/%Y'),91);
INSERT INTO VOL (id,designation,ville_origine,ville_arrivee,avion,date_depart,duree) VALUES (26,'cursus et, eros. Proin ultrices.','7069XL','75441',31,STR_TO_DATE('09/03/2017', '%d/%m/%Y'),157);
INSERT INTO VOL (id,designation,ville_origine,ville_arrivee,avion,date_depart,duree) VALUES (27,'dictum placerat, augue. Sed molestie.','39-765','4589',50,STR_TO_DATE('03/05/2015', '%d/%m/%Y'),140);
INSERT INTO VOL (id,designation,ville_origine,ville_arrivee,avion,date_depart,duree) VALUES (28,'Nulla eu neque pellentesque massa','965220','91632-674',72,STR_TO_DATE('03/04/2015', '%d/%m/%Y'),116);
INSERT INTO VOL (id,designation,ville_origine,ville_arrivee,avion,date_depart,duree) VALUES (29,'viverra. Maecenas iaculis aliquet diam.','21617','2725LL',27,STR_TO_DATE('17/04/2016', '%d/%m/%Y'),197);
INSERT INTO VOL (id,designation,ville_origine,ville_arrivee,avion,date_depart,duree) VALUES (30,'fames ac turpis egestas. Aliquam','39-765','46353',54,STR_TO_DATE('31/01/2016', '%d/%m/%Y'),121);
INSERT INTO VOL (id,designation,ville_origine,ville_arrivee,avion,date_depart,duree) VALUES (31,'erat eget ipsum. Suspendisse sagittis.','39-765','2725LL',87,STR_TO_DATE('05/05/2016', '%d/%m/%Y'),142);
INSERT INTO VOL (id,designation,ville_origine,ville_arrivee,avion,date_depart,duree) VALUES (32,'nunc. In at pede. Cras','39-765','4589',86,STR_TO_DATE('28/03/2015', '%d/%m/%Y'),120);
INSERT INTO VOL (id,designation,ville_origine,ville_arrivee,avion,date_depart,duree) VALUES (33,'et, rutrum non, hendrerit id,','39-765','909103',63,STR_TO_DATE('16/01/2016', '%d/%m/%Y'),100);
INSERT INTO VOL (id,designation,ville_origine,ville_arrivee,avion,date_depart,duree) VALUES (34,'lacus. Quisque purus sapien, gravida','19608','2725LL',39,STR_TO_DATE('19/02/2016', '%d/%m/%Y'),98);
INSERT INTO VOL (id,designation,ville_origine,ville_arrivee,avion,date_depart,duree) VALUES (35,'enim. Nunc ut erat. Sed','7069XL','75441',80,STR_TO_DATE('04/04/2016', '%d/%m/%Y'),137);
INSERT INTO VOL (id,designation,ville_origine,ville_arrivee,avion,date_depart,duree) VALUES (36,'vel arcu. Curabitur ut odio','21617','91632-674',41,STR_TO_DATE('12/10/2015', '%d/%m/%Y'),145);
INSERT INTO VOL (id,designation,ville_origine,ville_arrivee,avion,date_depart,duree) VALUES (37,'ac tellus. Suspendisse sed dolor.','39-765','4589',30,STR_TO_DATE('15/09/2016', '%d/%m/%Y'),179);
INSERT INTO VOL (id,designation,ville_origine,ville_arrivee,avion,date_depart,duree) VALUES (38,'malesuada fames ac turpis egestas.','39-765','4589',60,STR_TO_DATE('25/05/2016', '%d/%m/%Y'),155);
INSERT INTO VOL (id,designation,ville_origine,ville_arrivee,avion,date_depart,duree) VALUES (39,'convallis ligula. Donec luctus aliquet','39-765','2725LL',32,STR_TO_DATE('24/05/2016', '%d/%m/%Y'),129);
INSERT INTO VOL (id,designation,ville_origine,ville_arrivee,avion,date_depart,duree) VALUES (40,'Donec tincidunt. Donec vitae erat','709518','4589',14,STR_TO_DATE('08/02/2016', '%d/%m/%Y'),108);
INSERT INTO VOL (id,designation,ville_origine,ville_arrivee,avion,date_depart,duree) VALUES (41,'diam luctus lobortis. Class aptent','39-765','2725LL',70,STR_TO_DATE('04/12/2016', '%d/%m/%Y'),176);
INSERT INTO VOL (id,designation,ville_origine,ville_arrivee,avion,date_depart,duree) VALUES (42,'tortor nibh sit amet orci.','709518','91632-674',42,STR_TO_DATE('20/04/2015', '%d/%m/%Y'),80);
INSERT INTO VOL (id,designation,ville_origine,ville_arrivee,avion,date_depart,duree) VALUES (43,'Integer aliquam adipiscing lacus. Ut','965220','2725LL',11,STR_TO_DATE('27/02/2016', '%d/%m/%Y'),155);
INSERT INTO VOL (id,designation,ville_origine,ville_arrivee,avion,date_depart,duree) VALUES (44,'metus. Vivamus euismod urna. Nullam','39-765','75441',47,STR_TO_DATE('07/08/2016', '%d/%m/%Y'),103);
INSERT INTO VOL (id,designation,ville_origine,ville_arrivee,avion,date_depart,duree) VALUES (45,'molestie. Sed id risus quis','39-765','2725LL',24,STR_TO_DATE('07/05/2015', '%d/%m/%Y'),171);
INSERT INTO VOL (id,designation,ville_origine,ville_arrivee,avion,date_depart,duree) VALUES (46,'consequat auctor, nunc nulla vulputate','19608','4589',41,STR_TO_DATE('18/06/2016', '%d/%m/%Y'),141);
INSERT INTO VOL (id,designation,ville_origine,ville_arrivee,avion,date_depart,duree) VALUES (47,'pharetra. Nam ac nulla. In','965220','4589',19,STR_TO_DATE('22/12/2016', '%d/%m/%Y'),174);
INSERT INTO VOL (id,designation,ville_origine,ville_arrivee,avion,date_depart,duree) VALUES (48,'vulputate dui, nec tempus mauris','709518','46353',20,STR_TO_DATE('11/04/2016', '%d/%m/%Y'),56);
INSERT INTO VOL (id,designation,ville_origine,ville_arrivee,avion,date_depart,duree) VALUES (49,'suscipit, est ac facilisis facilisis,','39-765','40515',79,STR_TO_DATE('28/09/2016', '%d/%m/%Y'),183);
INSERT INTO VOL (id,designation,ville_origine,ville_arrivee,avion,date_depart,duree) VALUES (50,'amet, consectetuer adipiscing elit. Etiam','39-765','40515',45,STR_TO_DATE('27/08/2015', '%d/%m/%Y'),88);
INSERT INTO VOL (id,designation,ville_origine,ville_arrivee,avion,date_depart,duree) VALUES (51,'arcu. Morbi sit amet massa.','19608','2725LL',45,STR_TO_DATE('04/01/2017', '%d/%m/%Y'),130);
INSERT INTO VOL (id,designation,ville_origine,ville_arrivee,avion,date_depart,duree) VALUES (52,'penatibus et magnis dis parturient','709518','909103',41,STR_TO_DATE('11/04/2016', '%d/%m/%Y'),75);
INSERT INTO VOL (id,designation,ville_origine,ville_arrivee,avion,date_depart,duree) VALUES (53,'dictum. Phasellus in felis. Nulla','7069XL','909103',44,STR_TO_DATE('04/02/2017', '%d/%m/%Y'),185);
INSERT INTO VOL (id,designation,ville_origine,ville_arrivee,avion,date_depart,duree) VALUES (54,'nec tellus. Nunc lectus pede,','965220','91632-674',22,STR_TO_DATE('02/12/2016', '%d/%m/%Y'),125);
INSERT INTO VOL (id,designation,ville_origine,ville_arrivee,avion,date_depart,duree) VALUES (55,'nibh. Phasellus nulla. Integer vulputate,','7069XL','4589',45,STR_TO_DATE('12/04/2016', '%d/%m/%Y'),112);
INSERT INTO VOL (id,designation,ville_origine,ville_arrivee,avion,date_depart,duree) VALUES (56,'Morbi quis urna. Nunc quis','709518','909103',19,STR_TO_DATE('09/07/2016', '%d/%m/%Y'),79);
INSERT INTO VOL (id,designation,ville_origine,ville_arrivee,avion,date_depart,duree) VALUES (57,'ullamcorper. Duis at lacus. Quisque','709518','46353',87,STR_TO_DATE('05/05/2015', '%d/%m/%Y'),124);
INSERT INTO VOL (id,designation,ville_origine,ville_arrivee,avion,date_depart,duree) VALUES (58,'laoreet ipsum. Curabitur consequat, lectus','21617','2725LL',24,STR_TO_DATE('19/06/2015', '%d/%m/%Y'),192);
INSERT INTO VOL (id,designation,ville_origine,ville_arrivee,avion,date_depart,duree) VALUES (59,'tristique aliquet. Phasellus fermentum convallis','577034','46353',46,STR_TO_DATE('18/08/2016', '%d/%m/%Y'),163);
INSERT INTO VOL (id,designation,ville_origine,ville_arrivee,avion,date_depart,duree) VALUES (60,'mi lacinia mattis. Integer eu','7069XL','4589',51,STR_TO_DATE('07/11/2016', '%d/%m/%Y'),85);
INSERT INTO VOL (id,designation,ville_origine,ville_arrivee,avion,date_depart,duree) VALUES (61,'lorem vitae odio sagittis semper.','39-765','91632-674',69,STR_TO_DATE('26/07/2015', '%d/%m/%Y'),79);
INSERT INTO VOL (id,designation,ville_origine,ville_arrivee,avion,date_depart,duree) VALUES (62,'lacus pede sagittis augue, eu','39-765','40515',21,STR_TO_DATE('16/11/2016', '%d/%m/%Y'),69);
INSERT INTO VOL (id,designation,ville_origine,ville_arrivee,avion,date_depart,duree) VALUES (63,'non, lobortis quis, pede. Suspendisse','21617','75441',50,STR_TO_DATE('14/11/2016', '%d/%m/%Y'),95);
INSERT INTO VOL (id,designation,ville_origine,ville_arrivee,avion,date_depart,duree) VALUES (64,'fringilla, porttitor vulputate, posuere vulputate,','39-765','91632-674',90,STR_TO_DATE('08/06/2015', '%d/%m/%Y'),197);
INSERT INTO VOL (id,designation,ville_origine,ville_arrivee,avion,date_depart,duree) VALUES (65,'Donec dignissim magna a tortor.','39-765','75441',71,STR_TO_DATE('17/03/2016', '%d/%m/%Y'),86);
INSERT INTO VOL (id,designation,ville_origine,ville_arrivee,avion,date_depart,duree) VALUES (66,'consectetuer rhoncus. Nullam velit dui,','965220','2725LL',19,STR_TO_DATE('24/09/2016', '%d/%m/%Y'),60);
INSERT INTO VOL (id,designation,ville_origine,ville_arrivee,avion,date_depart,duree) VALUES (67,'at arcu. Vestibulum ante ipsum','39-765','46353',86,STR_TO_DATE('25/05/2015', '%d/%m/%Y'),180);
INSERT INTO VOL (id,designation,ville_origine,ville_arrivee,avion,date_depart,duree) VALUES (68,'vel, mauris. Integer sem elit,','39-765','75441',64,STR_TO_DATE('10/08/2016', '%d/%m/%Y'),87);
INSERT INTO VOL (id,designation,ville_origine,ville_arrivee,avion,date_depart,duree) VALUES (69,'est ac mattis semper, dui','39-765','909103',87,STR_TO_DATE('11/10/2016', '%d/%m/%Y'),179);
INSERT INTO VOL (id,designation,ville_origine,ville_arrivee,avion,date_depart,duree) VALUES (70,'sed, facilisis vitae, orci. Phasellus','965220','909103',19,STR_TO_DATE('18/05/2016', '%d/%m/%Y'),166);
INSERT INTO VOL (id,designation,ville_origine,ville_arrivee,avion,date_depart,duree) VALUES (71,'dui, in sodales elit erat','965220','40515',35,STR_TO_DATE('30/08/2015', '%d/%m/%Y'),84);
INSERT INTO VOL (id,designation,ville_origine,ville_arrivee,avion,date_depart,duree) VALUES (72,'Integer vulputate, risus a ultricies','39-765','909103',43,STR_TO_DATE('24/06/2016', '%d/%m/%Y'),148);
INSERT INTO VOL (id,designation,ville_origine,ville_arrivee,avion,date_depart,duree) VALUES (73,'primis in faucibus orci luctus','577034','909103',16,STR_TO_DATE('27/05/2016', '%d/%m/%Y'),192);
INSERT INTO VOL (id,designation,ville_origine,ville_arrivee,avion,date_depart,duree) VALUES (74,'convallis est, vitae sodales nisi','709518','46353',57,STR_TO_DATE('08/10/2016', '%d/%m/%Y'),108);
INSERT INTO VOL (id,designation,ville_origine,ville_arrivee,avion,date_depart,duree) VALUES (75,'eu turpis. Nulla aliquet. Proin','965220','40515',19,STR_TO_DATE('20/03/2016', '%d/%m/%Y'),189);
INSERT INTO VOL (id,designation,ville_origine,ville_arrivee,avion,date_depart,duree) VALUES (76,'Morbi neque tellus, imperdiet non,','39-765','4589',40,STR_TO_DATE('24/08/2015', '%d/%m/%Y'),128);
INSERT INTO VOL (id,designation,ville_origine,ville_arrivee,avion,date_depart,duree) VALUES (77,'nonummy ultricies ornare, elit elit','19608','2725LL',46,STR_TO_DATE('19/11/2015', '%d/%m/%Y'),90);
INSERT INTO VOL (id,designation,ville_origine,ville_arrivee,avion,date_depart,duree) VALUES (78,'lacus, varius et, euismod et,','709518','46353',74,STR_TO_DATE('26/08/2015', '%d/%m/%Y'),87);
INSERT INTO VOL (id,designation,ville_origine,ville_arrivee,avion,date_depart,duree) VALUES (79,'vel turpis. Aliquam adipiscing lobortis','21617','2725LL',89,STR_TO_DATE('07/08/2015', '%d/%m/%Y'),67);
INSERT INTO VOL (id,designation,ville_origine,ville_arrivee,avion,date_depart,duree) VALUES (80,'sed dictum eleifend, nunc risus','7069XL','46353',10,STR_TO_DATE('27/11/2016', '%d/%m/%Y'),158);
INSERT INTO VOL (id,designation,ville_origine,ville_arrivee,avion,date_depart,duree) VALUES (81,'fringilla mi lacinia mattis. Integer','7069XL','2725LL',22,STR_TO_DATE('12/07/2016', '%d/%m/%Y'),73);
INSERT INTO VOL (id,designation,ville_origine,ville_arrivee,avion,date_depart,duree) VALUES (82,'Donec dignissim magna a tortor.','21617','91632-674',26,STR_TO_DATE('20/11/2016', '%d/%m/%Y'),56);
INSERT INTO VOL (id,designation,ville_origine,ville_arrivee,avion,date_depart,duree) VALUES (83,'Proin sed turpis nec mauris','39-765','4589',20,STR_TO_DATE('30/03/2016', '%d/%m/%Y'),178);
INSERT INTO VOL (id,designation,ville_origine,ville_arrivee,avion,date_depart,duree) VALUES (84,'nec, euismod in, dolor. Fusce','39-765','909103',57,STR_TO_DATE('28/11/2016', '%d/%m/%Y'),150);
INSERT INTO VOL (id,designation,ville_origine,ville_arrivee,avion,date_depart,duree) VALUES (85,'parturient montes, nascetur ridiculus mus.','577034','91632-674',33,STR_TO_DATE('23/04/2015', '%d/%m/%Y'),122);
INSERT INTO VOL (id,designation,ville_origine,ville_arrivee,avion,date_depart,duree) VALUES (86,'ligula elit, pretium et, rutrum','21617','4589',58,STR_TO_DATE('11/01/2016', '%d/%m/%Y'),96);
INSERT INTO VOL (id,designation,ville_origine,ville_arrivee,avion,date_depart,duree) VALUES (87,'semper pretium neque. Morbi quis','39-765','2725LL',88,STR_TO_DATE('19/12/2016', '%d/%m/%Y'),171);
INSERT INTO VOL (id,designation,ville_origine,ville_arrivee,avion,date_depart,duree) VALUES (88,'dui, in sodales elit erat','965220','46353',68,STR_TO_DATE('25/10/2015', '%d/%m/%Y'),89);
INSERT INTO VOL (id,designation,ville_origine,ville_arrivee,avion,date_depart,duree) VALUES (89,'quis arcu vel quam dignissim','39-765','46353',38,STR_TO_DATE('25/01/2017', '%d/%m/%Y'),146);
INSERT INTO VOL (id,designation,ville_origine,ville_arrivee,avion,date_depart,duree) VALUES (90,'magna a neque. Nullam ut','19608','91632-674',79,STR_TO_DATE('14/02/2016', '%d/%m/%Y'),107);
INSERT INTO VOL (id,designation,ville_origine,ville_arrivee,avion,date_depart,duree) VALUES (91,'non dui nec urna suscipit','39-765','40515',56,STR_TO_DATE('23/11/2015', '%d/%m/%Y'),185);
INSERT INTO VOL (id,designation,ville_origine,ville_arrivee,avion,date_depart,duree) VALUES (92,'Pellentesque ultricies dignissim lacus. Aliquam','39-765','46353',11,STR_TO_DATE('14/12/2015', '%d/%m/%Y'),121);
INSERT INTO VOL (id,designation,ville_origine,ville_arrivee,avion,date_depart,duree) VALUES (93,'ut mi. Duis risus odio,','19608','2725LL',70,STR_TO_DATE('26/02/2016', '%d/%m/%Y'),114);
INSERT INTO VOL (id,designation,ville_origine,ville_arrivee,avion,date_depart,duree) VALUES (94,'ullamcorper magna. Sed eu eros.','709518','91632-674',36,STR_TO_DATE('23/04/2016', '%d/%m/%Y'),95);
INSERT INTO VOL (id,designation,ville_origine,ville_arrivee,avion,date_depart,duree) VALUES (95,'scelerisque neque. Nullam nisl. Maecenas','39-765','2725LL',46,STR_TO_DATE('06/09/2016', '%d/%m/%Y'),189);
INSERT INTO VOL (id,designation,ville_origine,ville_arrivee,avion,date_depart,duree) VALUES (96,'egestas nunc sed libero. Proin','965220','2725LL',44,STR_TO_DATE('28/11/2015', '%d/%m/%Y'),197);
INSERT INTO VOL (id,designation,ville_origine,ville_arrivee,avion,date_depart,duree) VALUES (97,'egestas hendrerit neque. In ornare','7069XL','40515',57,STR_TO_DATE('19/04/2016', '%d/%m/%Y'),144);
INSERT INTO VOL (id,designation,ville_origine,ville_arrivee,avion,date_depart,duree) VALUES (98,'ipsum primis in faucibus orci','709518','46353',39,STR_TO_DATE('01/04/2015', '%d/%m/%Y'),67);
INSERT INTO VOL (id,designation,ville_origine,ville_arrivee,avion,date_depart,duree) VALUES (99,'a neque. Nullam ut nisi','39-765','46353',35,STR_TO_DATE('21/11/2016', '%d/%m/%Y'),157);
INSERT INTO VOL (id,designation,ville_origine,ville_arrivee,avion,date_depart,duree) VALUES (100,'penatibus et magnis dis parturient','965220','4589',79,STR_TO_DATE('11/09/2016', '%d/%m/%Y'),60);
INSERT INTO VOL (id,designation,ville_origine,ville_arrivee,avion,date_depart,duree) VALUES (101,'Cras eu tellus eu augue','709518','75441',75,STR_TO_DATE('21/06/2015', '%d/%m/%Y'),81);
INSERT INTO VOL (id,designation,ville_origine,ville_arrivee,avion,date_depart,duree) VALUES (102,'ultricies dignissim lacus. Aliquam rutrum','965220','909103',12,STR_TO_DATE('15/12/2015', '%d/%m/%Y'),196);
INSERT INTO VOL (id,designation,ville_origine,ville_arrivee,avion,date_depart,duree) VALUES (103,'consequat nec, mollis vitae, posuere','19608','2725LL',33,STR_TO_DATE('19/01/2016', '%d/%m/%Y'),159);
INSERT INTO VOL (id,designation,ville_origine,ville_arrivee,avion,date_depart,duree) VALUES (104,'sit amet metus. Aliquam erat','19608','2725LL',22,STR_TO_DATE('24/08/2015', '%d/%m/%Y'),112);
INSERT INTO VOL (id,designation,ville_origine,ville_arrivee,avion,date_depart,duree) VALUES (105,'enim diam vel arcu. Curabitur','577034','4589',22,STR_TO_DATE('18/06/2015', '%d/%m/%Y'),95);
INSERT INTO VOL (id,designation,ville_origine,ville_arrivee,avion,date_depart,duree) VALUES (106,'urna justo faucibus lectus, a','709518','40515',14,STR_TO_DATE('06/04/2016', '%d/%m/%Y'),117);
INSERT INTO VOL (id,designation,ville_origine,ville_arrivee,avion,date_depart,duree) VALUES (107,'et magnis dis parturient montes,','577034','75441',37,STR_TO_DATE('04/04/2016', '%d/%m/%Y'),78);
INSERT INTO VOL (id,designation,ville_origine,ville_arrivee,avion,date_depart,duree) VALUES (108,'quis turpis vitae purus gravida','39-765','75441',68,STR_TO_DATE('29/09/2016', '%d/%m/%Y'),185);
INSERT INTO VOL (id,designation,ville_origine,ville_arrivee,avion,date_depart,duree) VALUES (109,'Curabitur vel lectus. Cum sociis','19608','91632-674',23,STR_TO_DATE('05/05/2015', '%d/%m/%Y'),73);
INSERT INTO VOL (id,designation,ville_origine,ville_arrivee,avion,date_depart,duree) VALUES (110,'ante lectus convallis est, vitae','19608','40515',11,STR_TO_DATE('13/04/2015', '%d/%m/%Y'),157);
INSERT INTO VOL (id,designation,ville_origine,ville_arrivee,avion,date_depart,duree) VALUES (111,'adipiscing elit. Curabitur sed tortor.','39-765','40515',75,STR_TO_DATE('02/02/2016', '%d/%m/%Y'),83);
INSERT INTO VOL (id,designation,ville_origine,ville_arrivee,avion,date_depart,duree) VALUES (112,'cubilia Curae; Donec tincidunt. Donec','39-765','2725LL',33,STR_TO_DATE('07/09/2016', '%d/%m/%Y'),193);
INSERT INTO VOL (id,designation,ville_origine,ville_arrivee,avion,date_depart,duree) VALUES (113,'erat nonummy ultricies ornare, elit','709518','909103',23,STR_TO_DATE('04/03/2017', '%d/%m/%Y'),94);
INSERT INTO VOL (id,designation,ville_origine,ville_arrivee,avion,date_depart,duree) VALUES (114,'vestibulum massa rutrum magna. Cras','709518','909103',56STR_TO_DATE('08/07/2015', '%d/%m/%Y'),116);
INSERT INTO VOL (id,designation,ville_origine,ville_arrivee,avion,date_depart,duree) VALUES (115,'pede blandit congue. In scelerisque','709518','40515',52,STR_TO_DATE('02/03/2016', '%d/%m/%Y'),167);
INSERT INTO VOL (id,designation,ville_origine,ville_arrivee,avion,date_depart,duree) VALUES (116,'viverra. Donec tempus, lorem fringilla','577034','2725LL',67,STR_TO_DATE('20/01/2017', '%d/%m/%Y'),192);
INSERT INTO VOL (id,designation,ville_origine,ville_arrivee,avion,date_depart,duree) VALUES (117,'in lobortis tellus justo sit','709518','909103',29,STR_TO_DATE('11/01/2016', '%d/%m/%Y'),110);
INSERT INTO VOL (id,designation,ville_origine,ville_arrivee,avion,date_depart,duree) VALUES (118,'ornare lectus justo eu arcu.','7069XL','4589',65,STR_TO_DATE('05/02/2017', '%d/%m/%Y'),120);
INSERT INTO VOL (id,designation,ville_origine,ville_arrivee,avion,date_depart,duree) VALUES (119,'faucibus orci luctus et ultrices','709518','75441',55,STR_TO_DATE('29/07/2015', '%d/%m/%Y'),121);
INSERT INTO VOL (id,designation,ville_origine,ville_arrivee,avion,date_depart,duree) VALUES (120,'auctor velit. Aliquam nisl. Nulla','577034','4589',71,STR_TO_DATE('11/11/2016', '%d/%m/%Y'),60);
INSERT INTO VOL (id,designation,ville_origine,ville_arrivee,avion,date_depart,duree) VALUES (121,'mattis semper, dui lectus rutrum','19608','75441',68,STR_TO_DATE('16/06/2016', '%d/%m/%Y'),168);
INSERT INTO VOL (id,designation,ville_origine,ville_arrivee,avion,date_depart,duree) VALUES (122,'Pellentesque ultricies dignissim lacus. Aliquam','39-765','4589',83,STR_TO_DATE('18/05/2015', '%d/%m/%Y'),117);
INSERT INTO VOL (id,designation,ville_origine,ville_arrivee,avion,date_depart,duree) VALUES (123,'neque tellus, imperdiet non, vestibulum','7069XL','91632-674',37,STR_TO_DATE('03/01/2016', '%d/%m/%Y'),190);
INSERT INTO VOL (id,designation,ville_origine,ville_arrivee,avion,date_depart,duree) VALUES (124,'Cum sociis natoque penatibus et','39-765','4589',76,STR_TO_DATE('10/04/2016', '%d/%m/%Y'),95);
INSERT INTO VOL (id,designation,ville_origine,ville_arrivee,avion,date_depart,duree) VALUES (125,'vulputate eu, odio. Phasellus at','577034','2725LL',24,STR_TO_DATE('19/01/2017', '%d/%m/%Y'),138);
INSERT INTO VOL (id,designation,ville_origine,ville_arrivee,avion,date_depart,duree) VALUES (126,'dignissim pharetra. Nam ac nulla.','39-765','4589',15,STR_TO_DATE('02/11/2016', '%d/%m/%Y'),144);
INSERT INTO VOL (id,designation,ville_origine,ville_arrivee,avion,date_depart,duree) VALUES (127,'velit dui, semper et, lacinia','39-765','46353',45,STR_TO_DATE('20/01/2017', '%d/%m/%Y'),154);
INSERT INTO VOL (id,designation,ville_origine,ville_arrivee,avion,date_depart,duree) VALUES (128,'mauris elit, dictum eu, eleifend','39-765','75441',12,STR_TO_DATE('04/12/2016', '%d/%m/%Y'),153);
INSERT INTO VOL (id,designation,ville_origine,ville_arrivee,avion,date_depart,duree) VALUES (129,'Etiam vestibulum massa rutrum magna.','39-765','40515',84,STR_TO_DATE('01/02/2017', '%d/%m/%Y'),97);
INSERT INTO VOL (id,designation,ville_origine,ville_arrivee,avion,date_depart,duree) VALUES (130,'et malesuada fames ac turpis','39-765','4589',57,STR_TO_DATE('13/11/2015', '%d/%m/%Y'),108);
INSERT INTO VOL (id,designation,ville_origine,ville_arrivee,avion,date_depart,duree) VALUES (131,'ut nisi a odio semper','21617','2725LL',40,STR_TO_DATE('09/07/2015', '%d/%m/%Y'),117);
INSERT INTO VOL (id,designation,ville_origine,ville_arrivee,avion,date_depart,duree) VALUES (132,'semper egestas, urna justo faucibus','39-765','46353',10,STR_TO_DATE('04/04/2015', '%d/%m/%Y'),91);
INSERT INTO VOL (id,designation,ville_origine,ville_arrivee,avion,date_depart,duree) VALUES (133,'id magna et ipsum cursus','577034','4589',31,STR_TO_DATE('17/01/2016', '%d/%m/%Y'),101);
INSERT INTO VOL (id,designation,ville_origine,ville_arrivee,avion,date_depart,duree) VALUES (134,'eleifend non, dapibus rutrum, justo.','7069XL','2725LL',26,STR_TO_DATE('26/10/2015', '%d/%m/%Y'),113);
INSERT INTO VOL (id,designation,ville_origine,ville_arrivee,avion,date_depart,duree) VALUES (135,'varius. Nam porttitor scelerisque neque.','19608','4589',61,STR_TO_DATE('24/08/2015', '%d/%m/%Y'),127);
INSERT INTO VOL (id,designation,ville_origine,ville_arrivee,avion,date_depart,duree) VALUES (136,'elementum purus, accumsan interdum libero','965220','91632-674',42,STR_TO_DATE('09/12/2015', '%d/%m/%Y'),56);
INSERT INTO VOL (id,designation,ville_origine,ville_arrivee,avion,date_depart,duree) VALUES (137,'vehicula. Pellentesque tincidunt tempus risus.','21617','2725LL',54,STR_TO_DATE('11/12/2016', '%d/%m/%Y'),158);
INSERT INTO VOL (id,designation,ville_origine,ville_arrivee,avion,date_depart,duree) VALUES (138,'Aliquam ultrices iaculis odio. Nam','7069XL','91632-674',59,STR_TO_DATE('20/08/2015', '%d/%m/%Y'),173);
INSERT INTO VOL (id,designation,ville_origine,ville_arrivee,avion,date_depart,duree) VALUES (139,'nec urna et arcu imperdiet','21617','91632-674',39,STR_TO_DATE('15/04/2016', '%d/%m/%Y'),59);
INSERT INTO VOL (id,designation,ville_origine,ville_arrivee,avion,date_depart,duree) VALUES (140,'eros nec tellus. Nunc lectus','39-765','91632-674',53,STR_TO_DATE('27/11/2016', '%d/%m/%Y'),78);
INSERT INTO VOL (id,designation,ville_origine,ville_arrivee,avion,date_depart,duree) VALUES (141,'pede ac urna. Ut tincidunt','965220','40515',62,STR_TO_DATE('14/09/2015', '%d/%m/%Y'),68);
INSERT INTO VOL (id,designation,ville_origine,ville_arrivee,avion,date_depart,duree) VALUES (142,'euismod est arcu ac orci.','39-765','46353',39,STR_TO_DATE('28/05/2016', '%d/%m/%Y'),83);
INSERT INTO VOL (id,designation,ville_origine,ville_arrivee,avion,date_depart,duree) VALUES (143,'neque venenatis lacus. Etiam bibendum','965220','4589',36,STR_TO_DATE('19/09/2016', '%d/%m/%Y'),182);
INSERT INTO VOL (id,designation,ville_origine,ville_arrivee,avion,date_depart,duree) VALUES (144,'Vivamus non lorem vitae odio','19608','91632-674',78,STR_TO_DATE('05/04/2015', '%d/%m/%Y'),109);
INSERT INTO VOL (id,designation,ville_origine,ville_arrivee,avion,date_depart,duree) VALUES (145,'sodales at, velit. Pellentesque ultricies','7069XL','75441',55,STR_TO_DATE('28/01/2016', '%d/%m/%Y'),164);
INSERT INTO VOL (id,designation,ville_origine,ville_arrivee,avion,date_depart,duree) VALUES (146,'purus, in molestie tortor nibh','39-765','40515',19,STR_TO_DATE('15/12/2016', '%d/%m/%Y'),63);
INSERT INTO VOL (id,designation,ville_origine,ville_arrivee,avion,date_depart,duree) VALUES (147,'montes, nascetur ridiculus mus. Proin','7069XL','4589',55,STR_TO_DATE('17/06/2015', '%d/%m/%Y'),62);
INSERT INTO VOL (id,designation,ville_origine,ville_arrivee,avion,date_depart,duree) VALUES (148,'Phasellus fermentum convallis ligula. Donec','965220','40515',48,STR_TO_DATE('01/09/2016', '%d/%m/%Y'),160);
INSERT INTO VOL (id,designation,ville_origine,ville_arrivee,avion,date_depart,duree) VALUES (149,'id, libero. Donec consectetuer mauris','577034','909103',40,STR_TO_DATE('30/05/2016', '%d/%m/%Y'),147);
INSERT INTO VOL (id,designation,ville_origine,ville_arrivee,avion,date_depart,duree) VALUES (150,'erat, eget tincidunt dui augue','39-765','46353',80,STR_TO_DATE('24/11/2016', '%d/%m/%Y'),174);
INSERT INTO VOL (id,designation,ville_origine,ville_arrivee,avion,date_depart,duree) VALUES (151,'ligula. Aenean gravida nunc sed','965220','46353',34,STR_TO_DATE('14/07/2016', '%d/%m/%Y'),126);
INSERT INTO VOL (id,designation,ville_origine,ville_arrivee,avion,date_depart,duree) VALUES (152,'nisl sem, consequat nec, mollis','39-765','2725LL',19,STR_TO_DATE('24/11/2015', '%d/%m/%Y'),143);
INSERT INTO VOL (id,designation,ville_origine,ville_arrivee,avion,date_depart,duree) VALUES (153,'sapien molestie orci tincidunt adipiscing.','577034','2725LL',41,STR_TO_DATE('23/02/2016', '%d/%m/%Y'),145);
INSERT INTO VOL (id,designation,ville_origine,ville_arrivee,avion,date_depart,duree) VALUES (154,'Nullam nisl. Maecenas malesuada fringilla','39-765','909103',66,STR_TO_DATE('28/07/2015', '%d/%m/%Y'),134);
INSERT INTO VOL (id,designation,ville_origine,ville_arrivee,avion,date_depart,duree) VALUES (155,'velit. Sed malesuada augue ut','7069XL','909103',83,STR_TO_DATE('04/04/2015', '%d/%m/%Y'),140);
INSERT INTO VOL (id,designation,ville_origine,ville_arrivee,avion,date_depart,duree) VALUES (156,'in faucibus orci luctus et','39-765','75441',25,STR_TO_DATE('10/06/2016', '%d/%m/%Y'),189);
INSERT INTO VOL (id,designation,ville_origine,ville_arrivee,avion,date_depart,duree) VALUES (157,'Aliquam tincidunt, nunc ac mattis','709518','4589',49,STR_TO_DATE('09/12/2015', '%d/%m/%Y'),103);
INSERT INTO VOL (id,designation,ville_origine,ville_arrivee,avion,date_depart,duree) VALUES (158,'ipsum dolor sit amet, consectetuer','19608','75441',84,STR_TO_DATE('11/01/2017', '%d/%m/%Y'),73);
INSERT INTO VOL (id,designation,ville_origine,ville_arrivee,avion,date_depart,duree) VALUES (159,'a, scelerisque sed, sapien. Nunc','39-765','4589',73,STR_TO_DATE('06/04/2015', '%d/%m/%Y'),177);
INSERT INTO VOL (id,designation,ville_origine,ville_arrivee,avion,date_depart,duree) VALUES (160,'ultrices posuere cubilia Curae; Donec','965220','75441',55,STR_TO_DATE('31/05/2016', '%d/%m/%Y'),120);
INSERT INTO VOL (id,designation,ville_origine,ville_arrivee,avion,date_depart,duree) VALUES (161,'eu metus. In lorem. Donec','19608','46353',85,STR_TO_DATE('01/11/2016', '%d/%m/%Y'),190);
INSERT INTO VOL (id,designation,ville_origine,ville_arrivee,avion,date_depart,duree) VALUES (162,'turpis. Aliquam adipiscing lobortis risus.','965220','46353',14,STR_TO_DATE('29/03/2016', '%d/%m/%Y'),165);
INSERT INTO VOL (id,designation,ville_origine,ville_arrivee,avion,date_depart,duree) VALUES (163,'penatibus et magnis dis parturient','39-765','2725LL',24,STR_TO_DATE('20/11/2015', '%d/%m/%Y'),69);
INSERT INTO VOL (id,designation,ville_origine,ville_arrivee,avion,date_depart,duree) VALUES (164,'Donec sollicitudin adipiscing ligula. Aenean','965220','75441',18,STR_TO_DATE('09/10/2015', '%d/%m/%Y'),122);
INSERT INTO VOL (id,designation,ville_origine,ville_arrivee,avion,date_depart,duree) VALUES (165,'est ac mattis semper, dui','21617','909103',83,STR_TO_DATE('31/12/2016', '%d/%m/%Y'),166);
INSERT INTO VOL (id,designation,ville_origine,ville_arrivee,avion,date_depart,duree) VALUES (166,'lobortis, nisi nibh lacinia orci,','709518','91632-674',72,STR_TO_DATE('06/06/2015', '%d/%m/%Y'),147);
INSERT INTO VOL (id,designation,ville_origine,ville_arrivee,avion,date_depart,duree) VALUES (167,'Suspendisse sagittis. Nullam vitae diam.','7069XL','91632-674',19,STR_TO_DATE('03/03/2017', '%d/%m/%Y'),81);
INSERT INTO VOL (id,designation,ville_origine,ville_arrivee,avion,date_depart,duree) VALUES (168,'aliquet lobortis, nisi nibh lacinia','21617','2725LL',63,STR_TO_DATE('09/09/2016', '%d/%m/%Y'),129);
INSERT INTO VOL (id,designation,ville_origine,ville_arrivee,avion,date_depart,duree) VALUES (169,'lacinia at, iaculis quis, pede.','7069XL','91632-674',26,STR_TO_DATE('30/09/2016', '%d/%m/%Y'),108);
INSERT INTO VOL (id,designation,ville_origine,ville_arrivee,avion,date_depart,duree) VALUES (170,'a nunc. In at pede.','39-765','75441',75,STR_TO_DATE('30/03/2016', '%d/%m/%Y'),62);
INSERT INTO VOL (id,designation,ville_origine,ville_arrivee,avion,date_depart,duree) VALUES (171,'gravida molestie arcu. Sed eu','39-765','909103',90,STR_TO_DATE('27/01/2017', '%d/%m/%Y'),130);
INSERT INTO VOL (id,designation,ville_origine,ville_arrivee,avion,date_depart,duree) VALUES (172,'aliquet. Phasellus fermentum convallis ligula.','577034','75441',25,STR_TO_DATE('03/07/2015', '%d/%m/%Y'),67);
INSERT INTO VOL (id,designation,ville_origine,ville_arrivee,avion,date_depart,duree) VALUES (173,'Quisque nonummy ipsum non arcu.','709518','40515',37,STR_TO_DATE('12/05/2015', '%d/%m/%Y'),168);
INSERT INTO VOL (id,designation,ville_origine,ville_arrivee,avion,date_depart,duree) VALUES (174,'sit amet diam eu dolor','709518','2725LL',53,STR_TO_DATE('10/03/2016', '%d/%m/%Y'),122);
INSERT INTO VOL (id,designation,ville_origine,ville_arrivee,avion,date_depart,duree) VALUES (175,'nisi sem semper erat, in','39-765','75441',84,STR_TO_DATE('24/01/2016', '%d/%m/%Y'),190);
INSERT INTO VOL (id,designation,ville_origine,ville_arrivee,avion,date_depart,duree) VALUES (176,'ipsum ac mi eleifend egestas.','39-765','4589',47,STR_TO_DATE('25/07/2016', '%d/%m/%Y'),117);
INSERT INTO VOL (id,designation,ville_origine,ville_arrivee,avion,date_depart,duree) VALUES (177,'eleifend, nunc risus varius orci,','39-765','2725LL',15,STR_TO_DATE('02/01/2017', '%d/%m/%Y'),200);
INSERT INTO VOL (id,designation,ville_origine,ville_arrivee,avion,date_depart,duree) VALUES (178,'Nullam ut nisi a odio','965220','4589',52,STR_TO_DATE('31/10/2016', '%d/%m/%Y'),109);
INSERT INTO VOL (id,designation,ville_origine,ville_arrivee,avion,date_depart,duree) VALUES (179,'sodales elit erat vitae risus.','39-765','46353',81,STR_TO_DATE('07/05/2015', '%d/%m/%Y'),177);
INSERT INTO VOL (id,designation,ville_origine,ville_arrivee,avion,date_depart,duree) VALUES (180,'lacus. Ut nec urna et','39-765','46353',20,STR_TO_DATE('02/05/2015', '%d/%m/%Y'),98);
INSERT INTO VOL (id,designation,ville_origine,ville_arrivee,avion,date_depart,duree) VALUES (181,'bibendum. Donec felis orci, adipiscing','965220','2725LL',34,STR_TO_DATE('05/04/2015', '%d/%m/%Y'),176);
INSERT INTO VOL (id,designation,ville_origine,ville_arrivee,avion,date_depart,duree) VALUES (182,'dignissim lacus. Aliquam rutrum lorem','577034','2725LL',44,STR_TO_DATE('02/09/2015', '%d/%m/%Y'),79);
INSERT INTO VOL (id,designation,ville_origine,ville_arrivee,avion,date_depart,duree) VALUES (183,'ut quam vel sapien imperdiet','709518','40515',10,STR_TO_DATE('11/05/2016', '%d/%m/%Y'),121);
INSERT INTO VOL (id,designation,ville_origine,ville_arrivee,avion,date_depart,duree) VALUES (184,'amet, consectetuer adipiscing elit. Curabitur','709518','2725LL',27,STR_TO_DATE('27/11/2016', '%d/%m/%Y'),195);
INSERT INTO VOL (id,designation,ville_origine,ville_arrivee,avion,date_depart,duree) VALUES (185,'dictum placerat, augue. Sed molestie.','965220','91632-674',90,STR_TO_DATE('19/07/2015', '%d/%m/%Y'),87);
INSERT INTO VOL (id,designation,ville_origine,ville_arrivee,avion,date_depart,duree) VALUES (186,'Nunc pulvinar arcu et pede.','39-765','40515',70,STR_TO_DATE('17/12/2015', '%d/%m/%Y'),155);
INSERT INTO VOL (id,designation,ville_origine,ville_arrivee,avion,date_depart,duree) VALUES (187,'tellus justo sit amet nulla.','965220','91632-674',21,STR_TO_DATE('25/10/2015', '%d/%m/%Y'),84);
INSERT INTO VOL (id,designation,ville_origine,ville_arrivee,avion,date_depart,duree) VALUES (188,'posuere, enim nisl elementum purus,','39-765','40515',56,STR_TO_DATE('16/02/2017', '%d/%m/%Y'),128);
INSERT INTO VOL (id,designation,ville_origine,ville_arrivee,avion,date_depart,duree) VALUES (189,'nec, diam. Duis mi enim,','577034','40515',72,STR_TO_DATE('23/12/2016', '%d/%m/%Y'),146);
INSERT INTO VOL (id,designation,ville_origine,ville_arrivee,avion,date_depart,duree) VALUES (190,'et ultrices posuere cubilia Curae;','577034','75441',61,STR_TO_DATE('04/12/2016', '%d/%m/%Y'),152);
INSERT INTO VOL (id,designation,ville_origine,ville_arrivee,avion,date_depart,duree) VALUES (191,'ridiculus mus. Aenean eget magna.','19608','40515',11,STR_TO_DATE('02/12/2015', '%d/%m/%Y'),185);
INSERT INTO VOL (id,designation,ville_origine,ville_arrivee,avion,date_depart,duree) VALUES (192,'Sed malesuada augue ut lacus.','709518','40515',34,STR_TO_DATE('30/04/2016', '%d/%m/%Y'),58);
INSERT INTO VOL (id,designation,ville_origine,ville_arrivee,avion,date_depart,duree) VALUES (193,'nibh dolor, nonummy ac, feugiat','577034','91632-674',69,STR_TO_DATE('26/12/2015', '%d/%m/%Y'),86);
INSERT INTO VOL (id,designation,ville_origine,ville_arrivee,avion,date_depart,duree) VALUES (194,'Nam consequat dolor vitae dolor.','39-765','46353',34,STR_TO_DATE('17/03/2017', '%d/%m/%Y'),60);
INSERT INTO VOL (id,designation,ville_origine,ville_arrivee,avion,date_depart,duree) VALUES (195,'natoque penatibus et magnis dis','965220','40515',44,STR_TO_DATE('17/06/2015', '%d/%m/%Y'),56);
INSERT INTO VOL (id,designation,ville_origine,ville_arrivee,avion,date_depart,duree) VALUES (196,'lorem semper auctor. Mauris vel','709518','75441',39,STR_TO_DATE('02/02/2017', '%d/%m/%Y'),60);
INSERT INTO VOL (id,designation,ville_origine,ville_arrivee,avion,date_depart,duree) VALUES (197,'id enim. Curabitur massa. Vestibulum','39-765','40515',78,STR_TO_DATE('23/02/2016', '%d/%m/%Y'),138);
INSERT INTO VOL (id,designation,ville_origine,ville_arrivee,avion,date_depart,duree) VALUES (198,'augue. Sed molestie. Sed id','19608','4589',56,STR_TO_DATE('24/07/2015', '%d/%m/%Y'),151);
INSERT INTO VOL (id,designation,ville_origine,ville_arrivee,avion,date_depart,duree) VALUES (199,'vestibulum nec, euismod in, dolor.','7069XL','40515',27,STR_TO_DATE('20/12/2016', '%d/%m/%Y'),80);
INSERT INTO VOL (id,designation,ville_origine,ville_arrivee,avion,date_depart,duree) VALUES (200,'est arcu ac orci. Ut','7069XL','46353',16,STR_TO_DATE('14/03/2016', '%d/%m/%Y'),123);
INSERT INTO PASSAGER (id,nom,prenom,poids,vol) VALUES (1,'Gomez','Georgia',97,44);
INSERT INTO PASSAGER (id,nom,prenom,poids,vol) VALUES (2,'Berg','Shelby',109,22);
INSERT INTO PASSAGER (id,nom,prenom,poids,vol) VALUES (3,'Fisher','Cora',104,26);
INSERT INTO PASSAGER (id,nom,prenom,poids,vol) VALUES (4,'Blanchard','Colorado',78,47);
INSERT INTO PASSAGER (id,nom,prenom,poids,vol) VALUES (5,'Moses','Ashton',84,20);
INSERT INTO PASSAGER (id,nom,prenom,poids,vol) VALUES (6,'Clarke','Priscilla',70,20);
INSERT INTO PASSAGER (id,nom,prenom,poids,vol) VALUES (7,'Downs','Kamal',78,58);
INSERT INTO PASSAGER (id,nom,prenom,poids,vol) VALUES (8,'Lamb','Colette',91,33);
INSERT INTO PASSAGER (id,nom,prenom,poids,vol) VALUES (9,'Becker','Cora',70,29);
INSERT INTO PASSAGER (id,nom,prenom,poids,vol) VALUES (10,'Rivera','Grant',72,31);
INSERT INTO PASSAGER (id,nom,prenom,poids,vol) VALUES (11,'Lester','Cora',93,59);
INSERT INTO PASSAGER (id,nom,prenom,poids,vol) VALUES (12,'Ellison','Heather',74,48);
INSERT INTO PASSAGER (id,nom,prenom,poids,vol) VALUES (13,'Kinney','Kennedy',95,59);
INSERT INTO PASSAGER (id,nom,prenom,poids,vol) VALUES (14,'Buck','Ahmed',107,57);
INSERT INTO PASSAGER (id,nom,prenom,poids,vol) VALUES (15,'Mullins','Giselle',87,34);
INSERT INTO PASSAGER (id,nom,prenom,poids,vol) VALUES (16,'Harrell','Clementine',46,17);
INSERT INTO PASSAGER (id,nom,prenom,poids,vol) VALUES (17,'Hester','Callie',107,38);
INSERT INTO PASSAGER (id,nom,prenom,poids,vol) VALUES (18,'Collins','Reagan',90,30);
INSERT INTO PASSAGER (id,nom,prenom,poids,vol) VALUES (19,'Mathis','Dai',60,45);
INSERT INTO PASSAGER (id,nom,prenom,poids,vol) VALUES (20,'Gilbert','Kirk',101,60);
INSERT INTO PASSAGER (id,nom,prenom,poids,vol) VALUES (21,'Conley','Carson',48,13);
INSERT INTO PASSAGER (id,nom,prenom,poids,vol) VALUES (22,'Herring','Brenna',102,23);
INSERT INTO PASSAGER (id,nom,prenom,poids,vol) VALUES (23,'Griffith','Clark',87,48);
INSERT INTO PASSAGER (id,nom,prenom,poids,vol) VALUES (24,'Reeves','Wallace',105,49);
INSERT INTO PASSAGER (id,nom,prenom,poids,vol) VALUES (25,'Wilkerson','Risa',75,31);
INSERT INTO PASSAGER (id,nom,prenom,poids,vol) VALUES (26,'Mayer','Regan',79,38);
INSERT INTO PASSAGER (id,nom,prenom,poids,vol) VALUES (27,'Brock','Jeremy',92,32);
INSERT INTO PASSAGER (id,nom,prenom,poids,vol) VALUES (28,'Romero','MacKensie',93,10);
INSERT INTO PASSAGER (id,nom,prenom,poids,vol) VALUES (29,'Jimenez','Bruno',91,56);
INSERT INTO PASSAGER (id,nom,prenom,poids,vol) VALUES (30,'Chang','Sawyer',71,21);
INSERT INTO PASSAGER (id,nom,prenom,poids,vol) VALUES (31,'Wade','Charles',105,28);
INSERT INTO PASSAGER (id,nom,prenom,poids,vol) VALUES (32,'Parsons','Danielle',98,59);
INSERT INTO PASSAGER (id,nom,prenom,poids,vol) VALUES (33,'Norton','Carol',84,19);
INSERT INTO PASSAGER (id,nom,prenom,poids,vol) VALUES (34,'Jacobs','Alice',59,37);
INSERT INTO PASSAGER (id,nom,prenom,poids,vol) VALUES (35,'Baxter','Quinn',52,26);
INSERT INTO PASSAGER (id,nom,prenom,poids,vol) VALUES (36,'Griffith','Wayne',77,27);
INSERT INTO PASSAGER (id,nom,prenom,poids,vol) VALUES (37,'Thomas','Galena',53,57);
INSERT INTO PASSAGER (id,nom,prenom,poids,vol) VALUES (38,'Goodman','Jeremy',96,32);
INSERT INTO PASSAGER (id,nom,prenom,poids,vol) VALUES (39,'Cooley','Herman',90,56);
INSERT INTO PASSAGER (id,nom,prenom,poids,vol) VALUES (40,'Guy','Vivien',71,31);
INSERT INTO PASSAGER (id,nom,prenom,poids,vol) VALUES (41,'Hodge','Kirestin',103,43);
INSERT INTO PASSAGER (id,nom,prenom,poids,vol) VALUES (42,'Mullins','Tara',103,25);
INSERT INTO PASSAGER (id,nom,prenom,poids,vol) VALUES (43,'Mcleod','Scarlett',54,44);
INSERT INTO PASSAGER (id,nom,prenom,poids,vol) VALUES (44,'Barber','Gloria',76,19);
INSERT INTO PASSAGER (id,nom,prenom,poids,vol) VALUES (45,'Cantu','Owen',67,58);
INSERT INTO PASSAGER (id,nom,prenom,poids,vol) VALUES (46,'Wyatt','Xenos',102,34);
INSERT INTO PASSAGER (id,nom,prenom,poids,vol) VALUES (47,'Dixon','Jordan',61,56);
INSERT INTO PASSAGER (id,nom,prenom,poids,vol) VALUES (48,'Wilson','Dai',52,29);
INSERT INTO PASSAGER (id,nom,prenom,poids,vol) VALUES (49,'Randolph','John',102,13);
INSERT INTO PASSAGER (id,nom,prenom,poids,vol) VALUES (50,'Brewer','Chandler',60,52);
INSERT INTO PASSAGER (id,nom,prenom,poids,vol) VALUES (51,'Osborn','Rhoda',47,55);
INSERT INTO PASSAGER (id,nom,prenom,poids,vol) VALUES (52,'Montgomery','Sloane',88,23);
INSERT INTO PASSAGER (id,nom,prenom,poids,vol) VALUES (53,'Velez','Hermione',47,26);
INSERT INTO PASSAGER (id,nom,prenom,poids,vol) VALUES (54,'Bryant','Sandra',88,53);
INSERT INTO PASSAGER (id,nom,prenom,poids,vol) VALUES (55,'Bolton','Zachary',52,60);
INSERT INTO PASSAGER (id,nom,prenom,poids,vol) VALUES (56,'Blackwell','Lila',68,56);
INSERT INTO PASSAGER (id,nom,prenom,poids,vol) VALUES (57,'Bradley','Liberty',83,56);
INSERT INTO PASSAGER (id,nom,prenom,poids,vol) VALUES (58,'Brooks','Igor',46,56);
INSERT INTO PASSAGER (id,nom,prenom,poids,vol) VALUES (59,'Preston','Eagan',70,22);
INSERT INTO PASSAGER (id,nom,prenom,poids,vol) VALUES (60,'Alston','Guy',72,49);
INSERT INTO PASSAGER (id,nom,prenom,poids,vol) VALUES (61,'Cooke','Lilah',86,56);
INSERT INTO PASSAGER (id,nom,prenom,poids,vol) VALUES (62,'Potts','Jessamine',70,39);
INSERT INTO PASSAGER (id,nom,prenom,poids,vol) VALUES (63,'Myers','Alice',51,39);
INSERT INTO PASSAGER (id,nom,prenom,poids,vol) VALUES (64,'Gay','Samson',55,45);
INSERT INTO PASSAGER (id,nom,prenom,poids,vol) VALUES (65,'Mckenzie','Carly',62,33);
INSERT INTO PASSAGER (id,nom,prenom,poids,vol) VALUES (66,'Reese','Harding',63,37);
INSERT INTO PASSAGER (id,nom,prenom,poids,vol) VALUES (67,'Baldwin','Rina',57,16);
INSERT INTO PASSAGER (id,nom,prenom,poids,vol) VALUES (68,'Mcleod','Bevis',89,37);
INSERT INTO PASSAGER (id,nom,prenom,poids,vol) VALUES (69,'Edwards','Brett',76,11);
INSERT INTO PASSAGER (id,nom,prenom,poids,vol) VALUES (70,'Mcdonald','Leilani',99,58);
INSERT INTO PASSAGER (id,nom,prenom,poids,vol) VALUES (71,'Figueroa','Mollie',88,31);
INSERT INTO PASSAGER (id,nom,prenom,poids,vol) VALUES (72,'Combs','Kameko',97,31);
INSERT INTO PASSAGER (id,nom,prenom,poids,vol) VALUES (73,'Collier','Hall',67,37);
INSERT INTO PASSAGER (id,nom,prenom,poids,vol) VALUES (74,'Poole','Jena',92,29);
INSERT INTO PASSAGER (id,nom,prenom,poids,vol) VALUES (75,'Greene','Jamalia',94,52);
INSERT INTO PASSAGER (id,nom,prenom,poids,vol) VALUES (76,'Watson','Dora',88,53);
INSERT INTO PASSAGER (id,nom,prenom,poids,vol) VALUES (77,'Francis','Wynne',99,38);
INSERT INTO PASSAGER (id,nom,prenom,poids,vol) VALUES (78,'Griffin','Nicole',63,60);
INSERT INTO PASSAGER (id,nom,prenom,poids,vol) VALUES (79,'Baxter','Timothy',52,57);
INSERT INTO PASSAGER (id,nom,prenom,poids,vol) VALUES (80,'Ferrell','Xerxes',88,49);
INSERT INTO PASSAGER (id,nom,prenom,poids,vol) VALUES (81,'Hoffman','Quintessa',90,36);
INSERT INTO PASSAGER (id,nom,prenom,poids,vol) VALUES (82,'Gutierrez','Megan',89,32);
INSERT INTO PASSAGER (id,nom,prenom,poids,vol) VALUES (83,'Orr','Nadine',77,14);
INSERT INTO PASSAGER (id,nom,prenom,poids,vol) VALUES (84,'Sosa','Karly',101,48);
INSERT INTO PASSAGER (id,nom,prenom,poids,vol) VALUES (85,'Ware','Teegan',75,19);
INSERT INTO PASSAGER (id,nom,prenom,poids,vol) VALUES (86,'Mercer','Jermaine',96,14);
INSERT INTO PASSAGER (id,nom,prenom,poids,vol) VALUES (87,'Elliott','Urielle',54,39);
INSERT INTO PASSAGER (id,nom,prenom,poids,vol) VALUES (88,'Valencia','Aidan',49,33);
INSERT INTO PASSAGER (id,nom,prenom,poids,vol) VALUES (89,'Gallagher','Ariel',74,54);
INSERT INTO PASSAGER (id,nom,prenom,poids,vol) VALUES (90,'Dixon','Leilani',76,20);
INSERT INTO PASSAGER (id,nom,prenom,poids,vol) VALUES (91,'Shannon','Margaret',82,19);
INSERT INTO PASSAGER (id,nom,prenom,poids,vol) VALUES (92,'Joyner','Calvin',71,10);
INSERT INTO PASSAGER (id,nom,prenom,poids,vol) VALUES (93,'Reilly','Abbot',52,44);
INSERT INTO PASSAGER (id,nom,prenom,poids,vol) VALUES (94,'Crosby','Kristen',80,11);
INSERT INTO PASSAGER (id,nom,prenom,poids,vol) VALUES (95,'Wright','Eagan',82,51);
INSERT INTO PASSAGER (id,nom,prenom,poids,vol) VALUES (96,'Roy','Addison',47,41);
INSERT INTO PASSAGER (id,nom,prenom,poids,vol) VALUES (97,'Chavez','Lyle',48,45);
INSERT INTO PASSAGER (id,nom,prenom,poids,vol) VALUES (98,'Lewis','Edward',62,41);
INSERT INTO PASSAGER (id,nom,prenom,poids,vol) VALUES (99,'Bartlett','John',105,56);
INSERT INTO PASSAGER (id,nom,prenom,poids,vol) VALUES (100,'Obrien','Meredith',57,53);
INSERT INTO PASSAGER (id,nom,prenom,poids,vol) VALUES (101,'Vaughn','Geraldine',107,16);
INSERT INTO PASSAGER (id,nom,prenom,poids,vol) VALUES (102,'White','Iris',69,33);
INSERT INTO PASSAGER (id,nom,prenom,poids,vol) VALUES (103,'Wade','Karly',89,40);
INSERT INTO PASSAGER (id,nom,prenom,poids,vol) VALUES (104,'Koch','David',95,59);
INSERT INTO PASSAGER (id,nom,prenom,poids,vol) VALUES (105,'Tucker','Sarah',98,26);
INSERT INTO PASSAGER (id,nom,prenom,poids,vol) VALUES (106,'Hudson','Leo',107,26);
INSERT INTO PASSAGER (id,nom,prenom,poids,vol) VALUES (107,'Whitfield','Jael',49,33);
INSERT INTO PASSAGER (id,nom,prenom,poids,vol) VALUES (108,'Jordan','Cleo',98,29);
INSERT INTO PASSAGER (id,nom,prenom,poids,vol) VALUES (109,'Schroeder','Connor',58,39);
INSERT INTO PASSAGER (id,nom,prenom,poids,vol) VALUES (110,'Albert','Illiana',77,42);
INSERT INTO PASSAGER (id,nom,prenom,poids,vol) VALUES (111,'Castro','Alfreda',97,23);
INSERT INTO PASSAGER (id,nom,prenom,poids,vol) VALUES (112,'Turner','Sloane',89,15);
INSERT INTO PASSAGER (id,nom,prenom,poids,vol) VALUES (113,'Cain','Emily',54,38);
INSERT INTO PASSAGER (id,nom,prenom,poids,vol) VALUES (114,'Morgan','Stephen',74,13);
INSERT INTO PASSAGER (id,nom,prenom,poids,vol) VALUES (115,'Holland','Britanney',76,55);
INSERT INTO PASSAGER (id,nom,prenom,poids,vol) VALUES (116,'Bailey','Raven',64,16);
INSERT INTO PASSAGER (id,nom,prenom,poids,vol) VALUES (117,'Phelps','Inga',84,18);
INSERT INTO PASSAGER (id,nom,prenom,poids,vol) VALUES (118,'Mosley','Karyn',79,21);
INSERT INTO PASSAGER (id,nom,prenom,poids,vol) VALUES (119,'Hutchinson','Marah',55,18);
INSERT INTO PASSAGER (id,nom,prenom,poids,vol) VALUES (120,'Cantrell','Jared',91,40);
INSERT INTO PASSAGER (id,nom,prenom,poids,vol) VALUES (121,'Shepard','Sigourney',70,26);
INSERT INTO PASSAGER (id,nom,prenom,poids,vol) VALUES (122,'Chavez','Claudia',93,26);
INSERT INTO PASSAGER (id,nom,prenom,poids,vol) VALUES (123,'Reid','Winter',66,45);
INSERT INTO PASSAGER (id,nom,prenom,poids,vol) VALUES (124,'Osborn','Zelda',102,58);
INSERT INTO PASSAGER (id,nom,prenom,poids,vol) VALUES (125,'Schroeder','Alfreda',58,20);
INSERT INTO PASSAGER (id,nom,prenom,poids,vol) VALUES (126,'Nunez','Lance',74,38);
INSERT INTO PASSAGER (id,nom,prenom,poids,vol) VALUES (127,'Whitehead','Rudyard',62,18);
INSERT INTO PASSAGER (id,nom,prenom,poids,vol) VALUES (128,'West','Blaze',102,12);
INSERT INTO PASSAGER (id,nom,prenom,poids,vol) VALUES (129,'Brown','Wanda',100,14);
INSERT INTO PASSAGER (id,nom,prenom,poids,vol) VALUES (130,'Davidson','Bethany',99,33);
INSERT INTO PASSAGER (id,nom,prenom,poids,vol) VALUES (131,'Curry','Robert',83,16);
INSERT INTO PASSAGER (id,nom,prenom,poids,vol) VALUES (132,'Branch','Uriel',106,33);
INSERT INTO PASSAGER (id,nom,prenom,poids,vol) VALUES (133,'Cochran','Charde',99,43);
INSERT INTO PASSAGER (id,nom,prenom,poids,vol) VALUES (134,'Flores','Vanna',79,17);
INSERT INTO PASSAGER (id,nom,prenom,poids,vol) VALUES (135,'Santiago','Georgia',110,47);
INSERT INTO PASSAGER (id,nom,prenom,poids,vol) VALUES (136,'Hancock','Farrah',105,16);
INSERT INTO PASSAGER (id,nom,prenom,poids,vol) VALUES (137,'Lang','Zoe',53,15);
INSERT INTO PASSAGER (id,nom,prenom,poids,vol) VALUES (138,'Maddox','Jeanette',100,40);
INSERT INTO PASSAGER (id,nom,prenom,poids,vol) VALUES (139,'Horn','Nolan',74,20);
INSERT INTO PASSAGER (id,nom,prenom,poids,vol) VALUES (140,'Kramer','Constance',69,12);
INSERT INTO PASSAGER (id,nom,prenom,poids,vol) VALUES (141,'Townsend','Caleb',82,52);
INSERT INTO PASSAGER (id,nom,prenom,poids,vol) VALUES (142,'Monroe','Hyatt',72,39);
INSERT INTO PASSAGER (id,nom,prenom,poids,vol) VALUES (143,'Morse','Brenna',97,13);
INSERT INTO PASSAGER (id,nom,prenom,poids,vol) VALUES (144,'Rosa','Azalia',110,51);
INSERT INTO PASSAGER (id,nom,prenom,poids,vol) VALUES (145,'Buckley','Xavier',50,16);
INSERT INTO PASSAGER (id,nom,prenom,poids,vol) VALUES (146,'Thompson','Elijah',68,25);
INSERT INTO PASSAGER (id,nom,prenom,poids,vol) VALUES (147,'Barry','Elvis',81,41);
INSERT INTO PASSAGER (id,nom,prenom,poids,vol) VALUES (148,'Galloway','Moana',51,18);
INSERT INTO PASSAGER (id,nom,prenom,poids,vol) VALUES (149,'House','Aubrey',108,14);
INSERT INTO PASSAGER (id,nom,prenom,poids,vol) VALUES (150,'Bauer','Kirby',102,58);
INSERT INTO PASSAGER (id,nom,prenom,poids,vol) VALUES (151,'Petersen','Adrian',60,41);
INSERT INTO PASSAGER (id,nom,prenom,poids,vol) VALUES (152,'Vega','Orla',50,34);
INSERT INTO PASSAGER (id,nom,prenom,poids,vol) VALUES (153,'Wheeler','Cody',68,52);
INSERT INTO PASSAGER (id,nom,prenom,poids,vol) VALUES (154,'Jarvis','Adrian',85,36);
INSERT INTO PASSAGER (id,nom,prenom,poids,vol) VALUES (155,'Tran','Herrod',72,32);
INSERT INTO PASSAGER (id,nom,prenom,poids,vol) VALUES (156,'Fletcher','Alma',56,37);
INSERT INTO PASSAGER (id,nom,prenom,poids,vol) VALUES (157,'Mercer','Rafael',81,52);
INSERT INTO PASSAGER (id,nom,prenom,poids,vol) VALUES (158,'Valencia','Dennis',60,29);
INSERT INTO PASSAGER (id,nom,prenom,poids,vol) VALUES (159,'Rosales','Alec',98,34);
INSERT INTO PASSAGER (id,nom,prenom,poids,vol) VALUES (160,'Daugherty','Rina',89,37);
INSERT INTO PASSAGER (id,nom,prenom,poids,vol) VALUES (161,'Bell','Tanek',52,44);
INSERT INTO PASSAGER (id,nom,prenom,poids,vol) VALUES (162,'Wilkerson','Tobias',77,20);
INSERT INTO PASSAGER (id,nom,prenom,poids,vol) VALUES (163,'Ratliff','Ray',107,23);
INSERT INTO PASSAGER (id,nom,prenom,poids,vol) VALUES (164,'Shepard','Victoria',68,29);
INSERT INTO PASSAGER (id,nom,prenom,poids,vol) VALUES (165,'Norton','Hop',50,36);
INSERT INTO PASSAGER (id,nom,prenom,poids,vol) VALUES (166,'Stevenson','Dominique',103,23);
INSERT INTO PASSAGER (id,nom,prenom,poids,vol) VALUES (167,'Shelton','Cairo',48,52);
INSERT INTO PASSAGER (id,nom,prenom,poids,vol) VALUES (168,'Callahan','Sheila',87,58);
INSERT INTO PASSAGER (id,nom,prenom,poids,vol) VALUES (169,'Lawson','Ciaran',47,38);
INSERT INTO PASSAGER (id,nom,prenom,poids,vol) VALUES (170,'Horn','August',100,21);
INSERT INTO PASSAGER (id,nom,prenom,poids,vol) VALUES (171,'Pollard','Bethany',93,18);
INSERT INTO PASSAGER (id,nom,prenom,poids,vol) VALUES (172,'Patton','Daquan',83,60);
INSERT INTO PASSAGER (id,nom,prenom,poids,vol) VALUES (173,'Holt','Kaye',88,50);
INSERT INTO PASSAGER (id,nom,prenom,poids,vol) VALUES (174,'Adams','Velma',95,43);
INSERT INTO PASSAGER (id,nom,prenom,poids,vol) VALUES (175,'Solis','Brent',100,21);
INSERT INTO PASSAGER (id,nom,prenom,poids,vol) VALUES (176,'Waters','Erin',59,23);
INSERT INTO PASSAGER (id,nom,prenom,poids,vol) VALUES (177,'Mccarthy','Drew',93,42);
INSERT INTO PASSAGER (id,nom,prenom,poids,vol) VALUES (178,'Pierce','Lester',53,42);
INSERT INTO PASSAGER (id,nom,prenom,poids,vol) VALUES (179,'Mclean','Cameron',93,17);
INSERT INTO PASSAGER (id,nom,prenom,poids,vol) VALUES (180,'Hunter','Armando',52,22);
INSERT INTO PASSAGER (id,nom,prenom,poids,vol) VALUES (181,'Morin','Dai',69,13);
INSERT INTO PASSAGER (id,nom,prenom,poids,vol) VALUES (182,'Deleon','Kelsey',81,24);
INSERT INTO PASSAGER (id,nom,prenom,poids,vol) VALUES (183,'Rivera','Odysseus',95,19);
INSERT INTO PASSAGER (id,nom,prenom,poids,vol) VALUES (184,'Clarke','Hayes',88,40);
INSERT INTO PASSAGER (id,nom,prenom,poids,vol) VALUES (185,'Foreman','Jennifer',82,25);
INSERT INTO PASSAGER (id,nom,prenom,poids,vol) VALUES (186,'Hickman','Cleo',98,33);
INSERT INTO PASSAGER (id,nom,prenom,poids,vol) VALUES (187,'Townsend','Stone',104,18);
INSERT INTO PASSAGER (id,nom,prenom,poids,vol) VALUES (188,'Robles','Eagan',98,39);
INSERT INTO PASSAGER (id,nom,prenom,poids,vol) VALUES (189,'Prince','Kareem',69,56);
INSERT INTO PASSAGER (id,nom,prenom,poids,vol) VALUES (190,'Davidson','Coby',92,27);
INSERT INTO PASSAGER (id,nom,prenom,poids,vol) VALUES (191,'Leon','Chaim',60,10);
INSERT INTO PASSAGER (id,nom,prenom,poids,vol) VALUES (192,'Perry','Reece',77,42);
INSERT INTO PASSAGER (id,nom,prenom,poids,vol) VALUES (193,'Weber','Michael',107,40);
INSERT INTO PASSAGER (id,nom,prenom,poids,vol) VALUES (194,'Hopper','Alisa',59,10);
INSERT INTO PASSAGER (id,nom,prenom,poids,vol) VALUES (195,'Sykes','Jennifer',51,10);
INSERT INTO PASSAGER (id,nom,prenom,poids,vol) VALUES (196,'Mcleod','Heather',108,17);
INSERT INTO PASSAGER (id,nom,prenom,poids,vol) VALUES (197,'Hays','Lev',61,14);
INSERT INTO PASSAGER (id,nom,prenom,poids,vol) VALUES (198,'Carey','Avye',48,56);
INSERT INTO PASSAGER (id,nom,prenom,poids,vol) VALUES (199,'Noel','Adele',78,48);
INSERT INTO PASSAGER (id,nom,prenom,poids,vol) VALUES (200,'Burnett','Yardley',106,51);

SELECT nom, capacite from AVION where capacite > 200 and capacite < 300 ORDER BY capacity asc;

select sum(poids) as kg, sum(poids)*1000 as g from PASSAGER WHERE vol = 16;

select max(id) from VOL;
select code_postal from VILLE where nom='Madison';

insert into VOL(id, designation, ville_origine, ville_arrivee, avion, date_depart) 
values(114, 'Trajet Spécial', '709518', '67820', 21, STR_TO_DATE('17/03/2016', '%d/%m/%Y'));

SELECT * FROM VOL WHERE id = (select max(id) from VOL);